PID,TID,FULLNAME,POS,AGE,GP,MPG,MIN,USG,Tor,FTA,FT,PA2,P2,PA3,P3,EFG,TS,PPG,RPG,TRB,APG,AST,SPG,BPG,TOPG,VI,ORTG,DRTG
1,Okc,Alex Abrines,G,25,31,19,39.5,12.2,7.9,13,0.923,30,0.5,127,0.323,0.487,0.507,5.3,1.5,4.2,0.6,4.3,0.55,0.19,0.45,3.5,103.2,103.4
2,Pho,Quincy Acy,F,28,10,12.3,25.6,9.2,15.2,10,0.7,3,0.667,15,0.133,0.278,0.379,1.7,2.5,11.4,0.8,8.2,0.1,0.4,0.4,4.9,86.9,98.2
3,Atl,Jaylen Adams,G,22,13,6.5,13.5,11.5,20.9,2,1,6,0.167,12,0.5,0.556,0.583,1.7,0.7,5.7,1,20.3,0.23,0.15,0.38,6.5,114.5,107.1
4,Okc,Steven Adams,C,25,57,34,70.9,16.4,12.1,225,0.547,588,0.607,1,0,0.606,0.608,14.7,9.5,14.4,1.7,6.9,1.63,0.77,1.67,7.3,122.8,102.1
5,Mia,Bam Adebayo,C-F,21,59,21.8,45.5,15.2,17.9,162,0.728,296,0.578,9,0.111,0.566,0.615,7.8,6.6,16.1,1.9,13.1,0.8,0.73,1.39,8.5,118.8,97.1
6,Cle,Deng Adel,F,22,12,13.2,27.4,9.9,13.9,2,1,10,0.4,20,0.25,0.383,0.405,2.1,1.1,4.6,0.3,3.4,0.08,0.33,0.42,2.7,80.8,115
7,Den,DeVaughn Akoon-Purcell,G-F,25,7,3.1,6.4,25.4,15.5,2,0.5,6,0.5,4,0,0.3,0.322,1,0.6,10.1,0.9,37.4,0.29,0,0.29,10.5,,
8,San,LaMarcus Aldridge,F,33,61,32.5,67.8,27.2,9.3,318,0.846,951,0.517,25,0.2,0.512,0.568,20.8,8.9,15,2.5,12.4,0.52,1.26,1.87,9.5,116.3,107.6
9,Chi,Rawle Alkins,G,21,3,2,4.2,28.8,0,0,0,3,0,1,1,0.375,0.375,1,1,26.9,0.7,50.7,0.33,0,0,17.8,,
10,Uta,Grayson Allen,G,23,28,9.9,20.5,21.9,11.4,36,0.75,40,0.375,69,0.275,0.399,0.457,4.1,0.4,2.4,0.6,8.8,0.11,0.11,0.57,4,89.7,101.9
11,Bro,Jarrett Allen,C,20,60,27,56.2,16.2,13.3,205,0.727,410,0.615,39,0.154,0.581,0.622,11.2,8.7,17.2,1.5,8.4,0.57,1.58,1.38,7.8,122.3,102.2
12,Nyk,Kadeem Allen,G,26,10,22.5,46.9,18.5,12.2,26,0.731,59,0.492,16,0.5,0.547,0.584,10.1,2.9,6.7,4.5,31.4,0.8,0.1,1.2,9,121.5,105.3
13,Por,Al-Farouq Aminu,F,28,60,29,60.5,13,8.8,131,0.855,219,0.516,213,0.362,0.529,0.581,9.5,7.8,14.3,1.3,6,0.87,0.38,0.78,6.3,121.8,104.4
14,Atl,Justin Anderson,G-F,25,32,7.8,16.2,17.8,11.9,21,0.762,47,0.532,40,0.2,0.425,0.468,2.8,1.4,9.6,0.4,6.8,0.34,0.22,0.41,6,94.7,105.8
15,Mem,Kyle Anderson,F,25,43,29.8,62.1,12.8,16,64,0.578,242,0.583,34,0.265,0.56,0.569,8,5.9,11.1,3,15.3,1.26,0.86,1.35,7,110.3,101.2
16,Pho,Ryan Anderson,F,30,15,18.5,38.6,12.1,15.4,14,0.786,26,0.462,34,0.206,0.375,0.423,3.7,3,9.1,1.1,8.1,0.2,0.07,0.8,5,91.5,112.7
17,Mia,Ryan Anderson,F,30,3,4,8.4,10.6,33.3,0,0,0,0,2,1,1.5,1.5,2,0,0,0.3,12.7,0,0,0.33,0,157.2,109.2
18,Ind,Ike Anigbogu,C,20,3,2.1,4.3,28.1,25,0,0,3,0,0,0,0,0,0,1,26.9,0.3,18.5,0,0.33,0.33,0,,
19,Mil,Giannis Antetokounmpo,F,24,55,33.2,69.2,31.9,15.2,503,0.72,814,0.636,136,0.243,0.597,0.639,27.2,12.7,19.7,6,30.3,1.4,1.45,3.82,15.4,120.6,92.4
20,Hou,Carmelo Anthony,F,34,10,29.4,61.3,20.4,5.8,22,0.682,57,0.491,64,0.328,0.492,0.513,13.4,5.4,10.3,0.5,2.7,0.4,0.7,0.8,4.5,104.2,105.2
21,Tor,OG Anunoby,F,21,50,20.3,42.4,15.5,9.4,42,0.452,156,0.545,161,0.348,0.533,0.532,7.1,3.1,8.2,0.7,4.4,0.66,0.22,0.7,4.9,104.1,101.2
22,Chi,Ryan Arcidiacono,G,24,60,24.7,51.4,10.2,13.4,56,0.911,96,0.51,177,0.362,0.531,0.573,5.7,2.4,5.2,3.6,19.9,0.92,0.05,0.77,5.9,119.6,107.8
23,Pho,Trevor Ariza,F,33,26,34,70.8,13.9,13.7,43,0.837,88,0.409,139,0.36,0.489,0.525,9.9,5.6,9.2,3.3,13.6,1.46,0.31,1.5,6.7,104.3,113.5
24,Was,Trevor Ariza,F,33,30,36.7,76.4,18.4,10.5,83,0.771,164,0.53,224,0.313,0.495,0.528,14.9,5.5,8.3,4.3,16.3,1.5,0.2,1.67,7.7,106.7,111.4
25,Orl,D.J. Augustin,G,31,60,27.7,57.6,16.7,14.5,170,0.853,244,0.504,223,0.439,0.578,0.632,11.4,2.3,4.4,5,25.8,0.57,0.02,1.53,7.3,124.1,109.5
26,Pho,Deandre Ayton,C,20,56,30.9,64.4,21.1,11.7,148,0.757,681,0.592,4,0,0.588,0.612,16.4,10.5,19,1.9,10.5,0.84,0.89,1.77,8.9,118.4,106.8
27,Cha,Dwayne Bacon,G-F,23,25,10.6,22.1,16.4,11.8,12,0.833,59,0.525,25,0.52,0.601,0.622,4.4,1.6,7.9,0.7,9.6,0.12,0.04,0.48,6.4,114.4,104.8
28,Sac,Marvin Bagley III,F,19,46,24.9,52,23,11.8,194,0.696,420,0.548,60,0.267,0.529,0.569,14,7.2,14.8,1,5.9,0.59,1.02,1.65,7.5,110.7,105
29,Nyk,Ron Baker,G,25,11,9.7,20.2,8.6,13.9,6,0.833,7,0.429,9,0.111,0.281,0.376,1.3,0.7,3.9,1.2,16,0.36,0,0.27,4.2,94.7,102.6
30,Was,Ron Baker,G,25,4,11.4,23.6,5.6,33.3,0,0,0,0,4,0,0,0,0,1,4.9,0.5,5.1,0.25,0.25,0.5,0,20.2,115.1
31,Por,Wade Baldwin IV,G,22,16,5.9,12.2,23.4,27,11,0.727,24,0.333,9,0.222,0.333,0.396,1.9,0.9,8.5,0.8,16.8,0.06,0.13,0.88,7.5,73.3,102.1
32,Lal,Lonzo Ball,G,21,47,30.3,63.1,16.9,17.8,48,0.417,228,0.482,228,0.329,0.488,0.487,9.9,5.3,9.1,5.4,23.8,1.47,0.4,2.19,8.7,100.8,103.8
33,Orl,Mo Bamba,C,20,47,16.3,34,17.9,13.7,63,0.587,173,0.555,70,0.3,0.525,0.539,6.2,4.9,16.3,0.8,7.5,0.28,1.36,0.91,7.1,105.3,96
34,Dal,J.J. Barea,G,34,38,19.8,41.2,28,14.7,78,0.705,257,0.479,128,0.297,0.468,0.495,10.9,2.5,6.8,5.6,47.9,0.58,0,1.89,10.8,105.4,106.3
35,Dal,Harrison Barnes,F,26,49,32.3,67.3,23.6,7.8,198,0.833,406,0.416,311,0.389,0.489,0.538,17.7,4.2,7,1.3,6.3,0.67,0.22,1.39,5.7,106.6,108.5
36,Sac,Harrison Barnes,F,26,6,34.9,72.7,15.4,7.7,16,0.813,35,0.4,30,0.233,0.377,0.43,10.3,6.2,9.1,2.5,9,1.33,0,1,6.2,95.9,108.8
37,Den,Will Barton,G,28,20,26.5,55.3,20.3,11.5,39,0.795,122,0.434,85,0.365,0.481,0.513,11.5,4.4,8.9,3.4,17.7,0.35,0.5,1.45,8.4,107.5,106.1
38,Min,Keita Bates-Diop,F,23,8,7.7,16,13.8,5,5,0.4,9,0.667,8,0.125,0.441,0.443,2.1,1.8,12.2,0.3,4.4,0.13,0.38,0.13,5.4,96.5,109
39,Cha,Nicolas Batum,G-F,30,60,31.5,65.6,13.3,16.4,78,0.859,222,0.527,234,0.393,0.559,0.588,9.6,5.2,8.9,3.4,15,0.98,0.55,1.6,7,113.6,108.6
40,Min,Jerryd Bayless,G,30,20,20.8,43.4,16.9,11.3,12,0.583,73,0.329,71,0.324,0.406,0.415,6.2,2,5,3.8,24.2,0.55,0.05,0.95,6.9,97.7,108.4
41,Bos,Aron Baynes,F-C,32,34,14.9,31.1,16.7,14.3,46,0.848,100,0.53,48,0.333,0.52,0.574,5.7,4.3,15.5,1.1,10.2,0.18,0.65,0.82,8,119.2,94
42,Atl,Kent Bazemore,G,29,47,25.9,54,22.4,14.3,135,0.726,302,0.52,213,0.329,0.509,0.541,13.2,3.9,7.9,2.3,13.7,1.57,0.81,2.04,7.6,101.4,105.9
43,Was,Bradley Beal,G,25,60,37.3,77.8,28.3,11.4,316,0.826,746,0.551,434,0.35,0.542,0.583,25.7,5,7.4,5.4,23.5,1.43,0.73,2.83,9.5,112.8,109.8
44,Den,Malik Beasley,G,22,59,24.1,50.2,17.7,6.2,46,0.891,251,0.578,285,0.435,0.618,0.632,11.9,2.5,5.7,1.2,7.4,0.66,0.1,0.63,5.5,123.7,107.6
45,Lal,Michael Beasley,F,30,26,10.7,22.2,29.4,13.7,39,0.718,136,0.529,17,0.176,0.5,0.532,7,2.3,11.2,1,14.7,0.35,0.38,1.04,9.4,99.1,96.4
46,San,Marco Belinelli,G-F,32,60,22.9,47.6,20.1,8.6,106,0.915,221,0.462,308,0.383,0.527,0.569,10.9,2.4,5.8,1.9,11.5,0.47,0.13,0.9,6.4,111.8,109.5
47,Gol,Jordan Bell,F,24,49,11.2,23.3,12.4,15,21,0.667,126,0.532,1,0,0.528,0.543,3,2.6,12.6,1.2,13.1,0.33,0.8,0.49,7.5,116.1,101.9
48,Atl,DeAndre' Bembry,F,24,61,24.1,50.2,16.6,17.9,97,0.598,318,0.491,131,0.29,0.474,0.492,7.9,4.2,9.2,2.5,14.5,1.21,0.56,1.75,7.2,94.3,106.5
49,Pho,Dragan Bender,F,21,26,12.6,26.2,15.5,15.3,26,0.654,39,0.692,49,0.163,0.443,0.478,3.7,2.9,13,0.8,9,0.19,0.12,0.69,6.5,95.1,109.2
50,San,Davis Bertans,F,26,56,21.6,45.1,13.6,8.7,44,0.886,85,0.494,240,0.471,0.651,0.671,8.3,3.5,8.8,1.2,7.7,0.52,0.5,0.59,6,126.7,106.8
51,Lac,Patrick Beverley,G,30,62,27,56.3,12,14.1,110,0.773,147,0.422,214,0.383,0.512,0.556,7.3,4.8,9.4,3.6,17.7,0.79,0.56,1.08,7.4,116.9,101.1
52,Orl,Khem Birch,C,26,29,11.3,23.5,11.8,9.1,30,0.833,66,0.606,1,0,0.597,0.655,3.6,3.3,15.6,0.7,8.2,0.38,0.69,0.28,7.2,138.3,98.5
53,Cha,Bismack Biyombo,C,26,34,14.7,30.6,12.1,12.8,62,0.677,95,0.568,0,0,0.568,0.613,4.4,4.7,17.1,0.6,5.2,0.21,1,0.53,6.3,126.5,99.7
54,Sac,Nemanja Bjelica,F,30,57,23.1,48.1,16.9,13.2,68,0.765,245,0.531,194,0.423,0.576,0.595,9.8,5.7,12.7,1.9,11.3,0.74,0.79,1.25,8.2,115.9,102.2
55,Chi,Antonio Blakeney,G,22,43,13.9,28.9,25.2,7.3,57,0.684,219,0.411,72,0.458,0.479,0.503,7.4,1.6,6.1,0.6,6.7,0.23,0.19,0.58,5.5,96.1,113.4
56,Mil,Eric Bledsoe,G,29,59,29.1,60.6,22.4,13.5,165,0.764,433,0.603,282,0.316,0.552,0.581,15.5,4.5,8,5.3,26.4,1.46,0.37,2.08,9.9,115.9,99.8
57,Cle,Jaron Blossomgame,F,25,27,16.3,33.9,12.3,8.9,13,0.769,68,0.544,39,0.256,0.486,0.506,4.2,3.6,12.4,0.5,4.3,0.26,0.3,0.41,4.8,107.4,114.6
58,Ind,Bojan Bogdanovic,F,29,61,31.7,66.1,21.2,10.3,206,0.816,470,0.538,285,0.425,0.575,0.613,17,4,7,1.8,8.5,0.84,0,1.59,6.3,114.3,104.7
59,Sac,Bogdan Bogdanovic,G,26,48,28,58.3,23.1,11.4,120,0.817,352,0.494,262,0.328,0.493,0.528,14.7,3.6,6.7,4,20.5,1.1,0.21,1.79,8.5,105.9,107.6
60,Phi,Jonah Bolden,F,23,31,12.7,26.5,14.2,20.3,18,0.444,43,0.721,55,0.309,0.577,0.571,3.9,3.5,15,0.7,7.3,0.29,0.9,0.87,6.7,102.6,94
61,Lal,Isaac Bonga,G,19,8,3.8,7.9,20.5,13.3,7,0.571,8,0.25,2,0,0.2,0.306,1,0.8,10.1,0.8,24,0.38,0,0.25,9.1,,
62,Pho,Devin Booker,G,22,47,34.8,72.5,31.6,15.5,291,0.852,583,0.525,304,0.326,0.512,0.57,24.6,4,6.4,6.7,33.7,0.85,0.19,3.96,10,107.2,111.1
63,Tor,Chris Boucher,F,26,18,5.3,11.1,25.2,3.5,13,0.846,23,0.522,26,0.385,0.551,0.594,3.6,1.6,15.7,0,0,0.17,0.89,0.11,0,123.9,91.5
64,Lac,Avery Bradley,G,28,49,29.9,62.2,14.2,12.4,25,0.8,248,0.415,172,0.337,0.452,0.464,8.2,2.7,4.8,2,8.9,0.55,0.33,1.24,4.7,93.4,107.9
65,Mem,Avery Bradley,G,28,6,29.4,61.3,23.6,14.1,7,0.857,52,0.538,24,0.417,0.566,0.582,15.3,3,5.8,3.2,19.3,1,0,2.17,7.2,103.7,102.8
66,Uta,Tony Bradley,C,21,1,8.6,17.9,19.9,25,0,0,3,0,0,0,0,0,0,3,19,0,0,0,0,1,0,37.4,100.1
67,Phi,Corey Brewer,G-F,32,7,19.9,41.5,18.9,12.8,13,0.692,35,0.457,14,0.286,0.449,0.484,7.6,2.4,6.5,1.4,10,1.71,0.29,1.14,5.9,95.7,98.8
68,Sac,Corey Brewer,G-F,32,2,14.7,30.6,26.1,5.4,6,0.833,6,0.5,9,0.444,0.6,0.652,11.5,1,3.5,0.5,5.2,0,0,0.5,4.9,124.8,93.7
69,Cha,Miles Bridges,F,20,58,19.1,39.8,15.4,10,62,0.742,202,0.535,129,0.31,0.508,0.533,6.6,3.6,10,0.9,6.9,0.55,0.62,0.69,5.8,106.4,107.1
70,Pho,Mikal Bridges,F,22,62,28,58.3,12.5,10.5,77,0.779,173,0.543,243,0.346,0.529,0.556,8.1,3.1,6.1,2,9.7,1.55,0.48,0.85,5.3,110.7,110.5
71,Orl,Isaiah Briscoe,G,22,35,13.6,28.3,13.8,16.7,24,0.542,86,0.407,28,0.357,0.439,0.454,3.2,1.8,7,2.2,22.4,0.23,0.03,0.71,6.9,96.8,100.7
72,Dal,Ryan Broekhoff,G-F,28,28,7.9,16.5,13.7,7.1,2,1,14,0.643,51,0.392,0.6,0.607,2.9,1,6.8,0.5,10.1,0.07,0.11,0.18,5.7,121.1,107.2
73,Mil,Malcolm Brogdon,G,26,56,29.2,60.9,20.9,10.5,138,0.935,453,0.543,213,0.418,0.57,0.611,15.9,4.7,8.3,3.4,16.5,0.73,0.2,1.52,8.7,120.2,103.1
74,Mem,Dillon Brooks,G-F,23,18,18.3,38.2,21.1,12.3,30,0.733,82,0.415,40,0.375,0.463,0.499,7.5,1.7,5.3,0.9,7.8,0.56,0.22,1.06,4.9,93.8,97.3
75,Mem,MarShon Brooks,G,30,29,13.3,27.8,23.9,10.3,33,0.697,115,0.53,54,0.278,0.494,0.518,6.6,1.6,6.6,0.9,11.2,0.31,0.14,0.72,6.4,98.5,104.9
76,Was,Troy Brown Jr.,F,19,30,7.1,14.7,16.7,9.6,21,0.667,50,0.44,16,0.25,0.424,0.465,2.3,1.3,10.1,1,18.4,0.27,0.03,0.27,8.1,102.7,108.2
77,Det,Bruce Brown,G,22,52,20.1,41.9,12.6,12,48,0.688,175,0.434,75,0.267,0.424,0.452,4.7,2.7,7.4,1.3,9,0.44,0.48,0.71,5.1,97.1,99.6
78,Bos,Jaylen Brown,F,22,55,25.9,53.9,22.2,10.2,145,0.676,389,0.519,205,0.327,0.509,0.534,12.8,4.3,8.8,1.3,7.6,0.96,0.49,1.36,6.4,103.4,100.6
79,Tor,Lorenzo Brown,G,28,26,8.2,17,17.7,18.1,3,1,43,0.395,28,0.214,0.366,0.38,2.1,1.2,7.6,1.1,17.4,0.46,0.19,0.62,6.9,81.7,99.9
80,Mil,Sterling Brown,G,24,48,16,33.4,14,12.2,25,0.72,102,0.559,111,0.36,0.549,0.563,5.3,2.8,9,1.3,10.1,0.4,0.1,0.65,6.7,110.6,99.6
81,Dal,Jalen Brunson,G,22,52,18.5,38.6,18.5,13,65,0.692,232,0.47,102,0.363,0.493,0.516,7.2,2.1,6,2.5,20.6,0.46,0.06,1.04,7.3,104.9,105.4
82,Was,Thomas Bryant,C,21,50,19.3,40.2,17.3,9.7,80,0.8,266,0.68,53,0.396,0.666,0.69,9.8,5.9,16.8,1.2,9.6,0.36,0.84,0.76,8.5,132.9,107.1
83,Det,Reggie Bullock,F,27,44,30.8,64.1,16.5,10.3,64,0.875,147,0.463,294,0.388,0.542,0.569,12.1,2.8,4.9,2.5,12.1,0.55,0.11,1.23,5.7,112.9,108.2
84,Lal,Reggie Bullock,G-F,27,5,33.1,68.9,11.9,8.4,6,0.833,12,0.417,29,0.448,0.598,0.619,10.8,2.8,4.4,2.2,8.6,1,0.8,0.8,4.9,121.1,108.5
85,Nyk,Trey Burke,G,26,33,20.9,43.5,25.8,6.9,75,0.827,272,0.434,86,0.349,0.455,0.496,11.8,1.8,4.6,2.8,23.3,0.64,0.15,0.88,7.5,106.3,114
86,Dal,Trey Burke,G,26,8,15,31.3,23.5,12.1,14,0.857,34,0.471,18,0.389,0.51,0.559,8.1,2,7.1,1.9,20.5,0.88,0,1,8.4,112.6,105.3
87,Uta,Alec Burks,G,27,17,15.8,33,23.2,10.3,38,0.868,71,0.437,43,0.372,0.482,0.547,8.4,1.6,5.7,1.2,11.5,0.35,0.24,0.88,6.4,106.3,102.7
88,Cle,Alec Burks,G,27,34,28.8,60,19.2,10.7,98,0.806,221,0.412,119,0.378,0.466,0.517,11.6,5.5,10.5,2.9,15.1,0.74,0.47,1.35,7.9,107.1,112
89,Sac,Alec Burks,G,27,6,11.9,24.8,8.8,13.2,5,0.8,8,0.625,3,0,0.455,0.53,2.3,2,8.6,0.7,6.8,0.33,0,0.33,5,107.4,111.8
90,Okc,Deonte Burton,G,25,22,9,18.7,15.7,11.8,8,0.75,43,0.488,21,0.333,0.492,0.511,3.1,1,5.8,0.3,4.7,0.23,0.36,0.41,4.3,97.6,98.2
91,Min,Jimmy Butler,G-F,29,10,36.1,75.3,22.9,7.1,61,0.787,112,0.509,45,0.378,0.525,0.579,21.3,5.2,7.7,4.3,18.3,2.4,1,1.4,8.7,122,109
92,Phi,Jimmy Butler,G-F,29,39,32.8,68.3,21.9,8.1,203,0.887,414,0.512,111,0.351,0.515,0.587,18.5,5,8.2,3.9,18,1.87,0.51,1.38,8.7,122.9,106.8
93,Mem,Bruno Caboclo,F,23,14,19.9,41.5,14.9,10.9,14,1,27,0.556,49,0.286,0.474,0.523,6.1,3.3,9.3,0.9,6.4,0.43,1.14,0.71,5.3,104.3,98.3
94,Det,Jose Calderon,G,37,45,13.8,28.8,10.9,22.2,11,0.818,62,0.5,56,0.25,0.441,0.46,2.5,1.2,4.9,2.5,24.9,0.36,0.07,0.78,5.7,102.4,103
95,Lal,Kentavious Caldwell-Pope,G,26,60,23.7,49.4,16.7,7.5,110,0.855,203,0.547,278,0.342,0.527,0.568,10,2.7,5.9,1.1,6.2,0.88,0.15,0.72,5.2,112.9,107.1
96,Pho,Isaiah Canaan,G,27,19,26.4,55.1,14.3,17.4,20,0.75,57,0.456,72,0.347,0.492,0.515,7.5,2.6,5.5,3.3,17.1,0.63,0,1.53,6.1,99.6,111.8
97,Min,Isaiah Canaan,G,27,7,13.6,28.2,15.3,11.5,4,1,10,0.4,19,0.368,0.5,0.536,4.7,0.7,2.8,2.7,27.1,0.29,0.14,0.57,6.1,117.7,113.8
98,Mil,Isaiah Canaan,G,27,1,11.8,24.6,7.1,0,0,0,0,0,2,1,1.5,1.5,6,1,4.4,2,23.3,0,0,0,7.8,278.5,111.4
99,Hou,Clint Capela,C,24,45,34,70.9,18.8,10,174,0.626,524,0.632,0,0,0.632,0.642,17.1,12.5,20.6,1.4,6.9,0.58,1.78,1.49,7.9,130.9,106
100,Bro,DeMarre Carroll,F,32,49,25.7,53.6,18.7,9.8,188,0.75,200,0.435,222,0.338,0.473,0.535,11,5.3,11,1.3,7.4,0.51,0.14,1.12,6.6,108.8,106.5
101,Chi,Wendell Carter Jr.,F,19,44,25.2,52.5,19.2,13.6,112,0.795,338,0.515,32,0.188,0.495,0.543,10.3,7,15.1,1.8,10.8,0.59,1.34,1.5,8,107.7,99.8
102,Mem,Jevon Carter,G,23,26,14.8,30.7,16,16.2,13,0.615,52,0.25,56,0.232,0.301,0.321,2.8,1.3,5.2,1.7,16.7,0.81,0.27,0.85,5,72.3,100.8
103,Atl,Vince Carter,G-F,42,56,15.6,32.5,16.8,10.3,40,0.675,104,0.51,202,0.391,0.56,0.572,6.6,2.5,8.6,0.9,8.6,0.54,0.3,0.66,6.3,110,106.3
104,Hou,Michael Carter-Williams,G,27,16,9,18.8,24.6,12.1,26,0.462,42,0.429,19,0.368,0.467,0.476,4.3,0.8,5,1.3,23.1,0.56,0.38,0.63,7.3,99.8,96.5
105,Lal,Alex Caruso,G,25,6,3.5,7.4,11.2,0,4,0.25,3,0.333,1,1,0.625,0.521,1,0.2,2.4,0.2,6,0,0.33,0,3.9,,
106,Mem,Omri Casspi,F,30,36,14.5,30.1,18.2,11,58,0.672,118,0.602,43,0.349,0.581,0.606,6.3,3.2,12.5,0.7,8.2,0.56,0.25,0.64,6.7,112.6,102.9
107,Sac,Willie Cauley-Stein,C,25,60,27.9,58,18.5,9.5,200,0.545,588,0.541,2,0.5,0.542,0.552,12.5,8.4,15.4,2.5,12.9,1.27,0.65,1.18,9.2,115.3,100.3
108,Orl,Troy Caupain,G,23,2,4.7,9.7,18.8,0,0,0,2,0.5,2,0.5,0.625,0.625,2.5,1,11.6,1.5,52.7,0.5,0,0,13.2,148.1,105.2
109,Uta,Tyler Cavanaugh,F,25,8,2.3,4.8,18.2,12.7,2,1,3,0.667,3,0,0.333,0.436,0.8,0.5,11.7,0,0,0,0,0.13,0,,
110,Pho,Tyson Chandler,C,36,7,12.7,26.5,13,26,18,0.556,12,0.667,0,0,0.667,0.653,3.7,5.6,24.6,0.9,9.2,0.29,0.14,1,8.4,111.9,87.3
111,Lal,Tyson Chandler,C,36,44,17,35.5,8,22.1,63,0.603,84,0.607,1,0,0.6,0.621,3.2,5.9,17.8,0.7,5.1,0.43,0.52,0.73,5.6,124.1,99
112,Phi,Wilson Chandler,F,31,36,26.4,55,11.2,15.4,18,0.722,89,0.506,118,0.39,0.551,0.561,6.7,4.6,9.4,2,10,0.61,0.5,1.08,6,110.9,103.1
113,Cha,Joe Chealey,G,23,1,7.8,16.3,16.5,0,0,0,3,0.333,0,0,0.333,0.333,2,0,0,1,18.1,0,0,0,0,86.4,106.7
114,Hou,Marquese Chriss,F,21,16,6.5,13.5,20.5,24.4,7,0.857,19,0.526,15,0.067,0.338,0.391,1.8,1.8,15.2,0.4,8.3,0.13,0.25,0.75,6.7,75.8,97.4
115,Cle,Marquese Chriss,F,21,7,19.8,41.2,21.7,8.7,13,0.692,30,0.5,27,0.444,0.579,0.598,10.7,5,14,0.7,6,0.71,0.29,0.86,6.8,117.8,97.1
116,Hou,Gary Clark,F,24,37,14.3,29.7,9.6,4.3,6,1,10,0.6,100,0.29,0.45,0.466,2.8,2.5,10,0.4,3.6,0.41,0.62,0.14,3.9,107.3,108.6
117,Nor,Ian Clark,G,27,43,13.3,27.8,17.1,16,16,0.938,95,0.474,98,0.347,0.497,0.517,4.8,1.3,4.9,1.1,11.1,0.23,0.09,0.88,5.7,95.8,108
118,Cle,Jordan Clarkson,G,26,60,26.9,56.1,28.6,9.9,133,0.835,556,0.514,338,0.331,0.508,0.535,17,3.5,7.1,2.5,16.4,0.7,0.22,1.75,7.9,106,115
119,Atl,John Collins,F-C,21,45,29.9,62.3,23.3,11.9,193,0.762,480,0.613,112,0.375,0.603,0.636,19.1,9.6,17.1,2,11.3,0.31,0.4,2.02,9.6,122.3,106.4
120,Por,Zach Collins,F-C,21,59,17.8,37.1,16.2,14.1,98,0.776,214,0.533,89,0.337,0.525,0.569,6.7,4.2,12.4,0.9,7.3,0.37,0.81,0.97,6.6,113.3,98.9
121,Ind,Darren Collison,G,31,61,28.1,58.6,16.9,14.5,129,0.837,355,0.499,156,0.417,0.537,0.579,10.8,2.9,5.8,6,29.1,1.43,0.13,1.57,8.2,119.2,103.1
122,Mil,Bonzie Colson,F,23,1,3.1,6.5,13.6,0,0,0,0,0,1,0,0,0,0,0,0,0,0,0,0,0,0,,
123,Mem,Mike Conley,G,31,59,33.4,69.7,27.1,9.5,313,0.847,576,0.477,357,0.35,0.496,0.556,20.2,3.4,5.8,6.4,33.4,1.41,0.34,1.92,9.1,114.1,107.9
124,Mil,Pat Connaughton,G,26,39,17.2,35.8,14.6,8.2,22,0.682,86,0.628,118,0.288,0.515,0.526,5.8,3.3,9.8,1.9,14.2,0.44,0.41,0.49,7.7,114.8,101.8
125,Gol,Quinn Cook,G,25,52,13.9,29,20.4,9.5,20,0.75,169,0.497,136,0.375,0.526,0.535,6.5,2.1,8.2,1.6,15.4,0.33,0.06,0.63,8,107.5,105.2
126,Gol,DeMarcus Cousins,C,28,14,24.4,50.9,27.5,14.5,73,0.781,115,0.496,42,0.286,0.478,0.547,14.8,7.9,17.2,3.5,20.1,1.29,1.43,2.29,12.2,108.4,93.1
127,Phi,Robert Covington,F,28,13,33.8,70.5,14.2,14.8,23,0.739,40,0.5,77,0.39,0.556,0.578,11.3,5.2,8.2,1.1,4.3,1.85,1.77,1.69,4.7,101.9,100.7
128,Min,Robert Covington,F,28,22,34.7,72.2,16.4,8.4,66,0.773,97,0.526,148,0.372,0.545,0.58,14.5,5.7,8.9,1.5,5.9,2.27,1.05,1.14,5.7,115.1,101.9
129,Bro,Allen Crabbe,G-F,26,35,26,54.2,17.3,10.5,48,0.75,96,0.323,216,0.394,0.508,0.53,10.1,3.4,6.9,1.1,5.8,0.57,0.31,1.11,5.2,101.7,105
130,Den,Torrey Craig,F,28,53,22.1,46.1,12.3,11.2,51,0.647,139,0.583,140,0.293,0.511,0.527,6,3.9,9.5,0.9,5.4,0.55,0.62,0.72,5,109.9,102.1
131,Pho,Jamal Crawford,G,38,51,17.6,36.7,20.1,18.1,75,0.827,168,0.435,142,0.296,0.439,0.487,6.5,1.2,3.9,3.3,27.1,0.47,0.2,1.49,6.7,96.9,115.1
132,Bro,Mitchell Creek,F,26,4,8.9,18.5,15.5,0,7,0.714,9,0.556,1,0,0.5,0.573,3.8,2.5,15,1.3,20.6,0.25,0,0,10.4,145.2,104.4
133,Uta,Jae Crowder,F,28,58,27.6,57.5,19.3,9.2,159,0.698,199,0.513,385,0.338,0.509,0.539,12.2,4.8,9.4,1.6,8.8,0.76,0.4,1.14,6.6,106.8,101.9
134,San,Dante Cunningham,F,31,55,15.7,32.7,8.8,12.1,16,0.813,85,0.518,61,0.492,0.61,0.624,3.5,3.3,11.4,0.9,7.1,0.42,0.24,0.38,5.6,126.8,106.5
135,Por,Seth Curry,G,28,54,17.3,36,15,11.5,19,0.895,131,0.42,152,0.474,0.576,0.589,6.4,1.4,4.2,1,7.8,0.37,0.15,0.7,4.8,112.6,107.7
136,Gol,Stephen Curry,G,30,49,34.3,71.5,30.3,11.5,224,0.92,388,0.544,572,0.446,0.618,0.658,28.4,5.2,8.1,5.3,24.3,1.29,0.39,2.82,10.7,122.6,106.6
137,Pho,Troy Daniels,G,27,31,13.1,27.3,18.7,10.8,17,0.765,41,0.512,109,0.394,0.57,0.584,5.9,1.1,4.6,0.4,4.5,0.55,0.06,0.61,4.2,104.5,110.6
138,Nor,Anthony Davis,F-C,25,47,35.3,73.5,29.6,7.8,409,0.802,784,0.541,129,0.318,0.532,0.594,27.6,12.7,18.7,4.1,18.9,1.62,2.51,1.98,12.8,123,104.1
139,Bro,Ed Davis,C,29,61,18.4,38.3,13,15.6,120,0.6,237,0.629,2,0,0.623,0.634,6.1,8.7,25.2,0.8,6.6,0.48,0.44,0.89,7.6,127.9,92.4
140,Okc,Tyler Davis,C,21,1,0.9,1.9,45.1,0,0,0,1,0,0,0,0,0,0,1,57.5,0,0,0,0,0,0,,
141,Atl,Dewayne Dedmon,C,29,51,25,52.1,16.9,13.8,88,0.852,247,0.563,171,0.38,0.566,0.6,10.7,7.1,15.3,1.4,8,1,1.16,1.43,7.6,113.6,101.2
142,Cle,Sam Dekker,F,24,9,18.8,39.2,14.8,8.7,10,0.8,35,0.486,13,0.385,0.51,0.544,6.3,3.7,10.8,1,7.9,1.22,0,0.56,6.1,113.9,108.6
143,Was,Sam Dekker,F,24,27,15.9,33.2,17,7,20,0.5,122,0.566,29,0.276,0.536,0.538,6.4,3.2,11.1,0.9,8.1,0.78,0.26,0.44,6.6,111.8,111.3
144,Lac,Angel Delgado,C,24,1,13.6,28.3,15.2,0,2,0.5,4,0.25,0,0,0.25,0.307,3,4,15.7,0,0,1,0,0,0,91.6,96.7
145,Mil,Matthew Dellavedova,G,28,12,8.1,16.9,13.8,34.6,4,1,8,0.25,11,0.364,0.421,0.482,1.7,0.8,5.3,2.4,35.6,0.17,0,0.92,7.3,99.2,100
146,Cle,Matthew Dellavedova,G,28,32,20.1,42,18.5,19.4,46,0.783,93,0.516,107,0.346,0.518,0.552,7.6,1.9,5.3,4.4,32.7,0.31,0.06,1.66,7.9,109.2,111.4
147,Min,Luol Deng,F,33,21,18.3,38.1,16,9.6,35,0.714,74,0.608,43,0.326,0.564,0.593,7.5,3.4,9.9,0.9,6.7,0.67,0.38,0.67,6.2,117.3,108.5
148,San,DeMar DeRozan,G,29,57,35.2,73.3,28.6,11.4,331,0.831,972,0.481,41,0.171,0.472,0.532,21.6,6.1,9.5,6.1,27.1,1,0.49,2.61,10.6,108.2,107.7
149,Gol,Marcus Derrickson,F,23,9,6,12.5,22.6,10.4,4,0.75,10,0.5,14,0.357,0.521,0.543,3.1,0.9,7.9,0.1,2.5,0,0.11,0.33,4.4,106,100.9
150,Nor,Cheick Diallo,F,22,44,11.9,24.7,15.8,15,51,0.725,145,0.648,2,0,0.639,0.664,5.1,4.3,19.1,0.3,4,0.41,0.59,0.68,6.3,121.2,99.6
151,Okc,Hamidou Diallo,G,20,45,11.4,23.8,16.6,11,59,0.61,138,0.514,23,0.174,0.478,0.508,4.2,2.1,9.4,0.4,4.4,0.44,0.22,0.51,5.3,104.2,96.1
152,Min,Gorgui Dieng,C,29,57,13.4,27.8,17.3,11.1,66,0.879,209,0.531,42,0.31,0.52,0.57,5.6,4.1,16.4,0.9,9.5,0.53,0.51,0.61,8.2,116.3,96.9
153,Bro,Spencer Dinwiddie,G,25,49,28.5,59.5,24.7,13.8,249,0.795,334,0.536,262,0.366,0.542,0.598,17.2,2.5,4.6,5,28.1,0.57,0.22,2.31,8.4,116.8,105.4
154,Mil,Donte DiVincenzo,G,22,23,15.6,32.4,15.3,13.9,11,0.818,38,0.658,69,0.246,0.472,0.492,4.8,2.4,8.1,1.2,9.7,0.52,0.26,0.78,6.2,98.6,98.5
155,Dal,Luka Doncic,G-F,20,56,32.2,67.2,29.3,15.1,361,0.726,498,0.494,392,0.352,0.509,0.557,20.9,7.2,12,5.7,29.9,1.04,0.29,3.32,11.8,108.5,104.8
156,Atl,Tyler Dorsey,G,23,27,9.3,19.3,18,9.1,26,0.615,50,0.44,39,0.256,0.416,0.448,3.3,1.6,9.2,0.6,9.5,0.26,0.04,0.37,6.3,95.7,110.3
157,Mem,Tyler Dorsey,G,23,2,8.8,18.3,25.4,10.1,2,0.5,4,0.75,4,0.5,0.75,0.732,6.5,2,12.9,0.5,11.7,0.5,0,0.5,8.5,129.2,98.6
158,Nyk,Damyean Dotson,G,24,51,25.1,52.4,16.8,7.5,66,0.712,233,0.459,208,0.389,0.518,0.536,9.9,3.5,7.3,1.5,8.8,0.84,0.14,0.75,5.9,108.8,109.7
159,Bos,PJ Dozier,G-F,22,4,2.5,5.3,25.6,0,0,0,4,0.5,2,0.5,0.583,0.583,1.8,1,21.1,0,0,0,0,0,0,,
160,Mia,Goran Dragic,G,32,16,27.9,58.1,25.3,14.3,50,0.76,132,0.47,73,0.301,0.463,0.502,14.3,2.7,5.1,4.5,25.7,0.63,0.25,2.38,8,101,106.2
161,Det,Andre Drummond,C,25,56,33.1,69.1,23.7,12.4,286,0.563,742,0.549,33,0.121,0.533,0.548,17.6,15.2,24.9,1.2,6,1.68,1.79,2.29,8.3,110.2,95.5
162,Bro,Jared Dudley,F,33,44,21.6,45,10.8,15.3,35,0.629,69,0.551,121,0.322,0.508,0.523,4.9,2.7,6.7,1.5,9.2,0.64,0.3,0.84,5,104,102.7
163,Chi,Kris Dunn,G,24,33,31,64.6,20.2,17.4,51,0.784,306,0.454,60,0.317,0.458,0.483,11.4,4.1,7.2,6.3,30.8,1.42,0.48,2.48,8.6,97.1,103.1
164,Gol,Kevin Durant,F,30,60,35.5,73.9,29.9,12.1,418,0.892,821,0.571,307,0.368,0.566,0.629,27.5,7,10.5,5.8,25.5,0.8,1.18,3.02,11.7,120.7,108
165,Mil,Trevon Duval,G,20,3,1.9,3.9,22.6,0,0,0,2,0.5,1,1,0.833,0.833,1.7,0.3,9.2,0.7,66,0,0,0,14.9,,
166,Hou,Vincent Edwards,F,22,2,7.9,16.4,11,0,0,0,0,0,4,0.25,0.375,0.375,1.5,1,7.1,0,0,0,0,0,0,95.8,120.5
167,Det,Henry Ellenson,F,22,2,12.4,25.8,18.8,0,2,1,6,0.333,4,0.5,0.5,0.551,6,4.5,19.8,0.5,6.3,0,0,0,7.7,120,99.8
168,Nyk,Henry Ellenson,F,22,1,3.6,7.5,11.8,0,0,0,0,0,1,0,0,0,0,0,0,0,0,0,0,0,0,,
169,Mia,Wayne Ellington,G,31,25,21.3,44.4,16.4,6.8,16,0.875,29,0.414,155,0.368,0.53,0.547,8.4,1.9,4.7,1.2,7.9,0.96,0.12,0.56,5,110.8,105
170,Det,Wayne Ellington,G,31,5,27.7,57.7,15.8,7.8,3,0.667,5,0.6,41,0.293,0.457,0.465,8.8,2.6,5.1,1,5.2,0.6,0,0.8,4.1,93.2,104.4
171,Phi,Joel Embiid,F-C,24,54,33.7,70.3,33.1,13.6,546,0.811,785,0.534,217,0.295,0.514,0.593,27.3,13.5,21.4,3.5,17.5,0.59,1.94,3.61,12.9,113.1,98.2
172,Hou,James Ennis III,F,28,40,23.7,49.4,11.9,9.2,58,0.724,91,0.659,120,0.367,0.597,0.622,7.4,2.9,6.9,0.7,4.1,0.95,0.4,0.6,4.2,123.7,104.9
173,Phi,James Ennis III,F,28,5,10.9,22.8,13,11.8,2,1,7,0.143,7,0.286,0.286,0.336,2,1,4.9,0.8,9.1,0.2,0,0.4,4.3,75.5,103.3
174,San,Drew Eubanks,F,22,15,4.9,10.2,16.6,14.4,11,0.818,19,0.737,0,0,0.737,0.776,2.5,1.1,11.9,0.2,6,0.07,0.13,0.27,6.7,133.2,104.2
175,Gol,Jacob Evans,G,21,23,4.3,9,13.4,19.1,1,0,19,0.263,6,0.167,0.26,0.256,0.6,0.4,4.8,0.6,15.3,0.04,0.04,0.26,4.9,67.1,103.5
176,Pho,Jawun Evans,G,22,7,9.1,19,12.8,31.6,0,0,11,0.273,2,0,0.231,0.231,0.9,1.7,10.6,1.4,20.2,0.43,0,0.86,5.7,59.9,104.1
177,Ind,Tyreke Evans,G,29,54,20.2,42,26.3,14.3,117,0.761,333,0.402,178,0.36,0.45,0.488,10.2,2.7,7.6,2.4,17.3,0.94,0.3,1.74,8,94.8,100.5
178,Uta,Dante Exum,G,23,39,16.3,34,21.2,14.6,86,0.791,173,0.48,59,0.305,0.474,0.534,7.4,1.7,5.6,2.7,25.3,0.36,0.13,1.18,7.9,108.1,101.3
179,Bro,Kenneth Faried,F-C,29,12,9.8,20.4,19.7,10.9,16,0.625,37,0.649,5,0.2,0.607,0.622,5.1,3.7,19.9,0.2,2.8,0.17,0.33,0.5,6.4,120.5,103.8
180,Hou,Kenneth Faried,F-C,29,15,29.2,60.9,20.3,9.2,60,0.617,148,0.615,13,0.462,0.621,0.632,15.8,9.9,19.1,1.1,6.3,0.67,1,1.27,7.6,129.3,102.6
181,Uta,Derrick Favors,F-C,27,58,23.2,48.4,18.8,10.7,171,0.661,389,0.632,64,0.219,0.589,0.612,11.2,7.2,16.9,1.1,7.3,0.72,1.38,1.09,7.7,122.2,98.6
182,Chi,Cristiano Felicio,F-C,26,39,10.3,21.4,13.9,14.1,37,0.676,91,0.549,2,0,0.538,0.572,3.2,2.8,15,0.5,6.9,0.13,0.1,0.46,6.4,115.5,106.1
183,Okc,Raymond Felton,G,34,18,12,25,20.1,10.3,11,0.909,54,0.5,37,0.27,0.462,0.49,5.2,1.3,5.5,1.9,22.4,0.44,0.22,0.61,7.8,106.2,104
184,Okc,Terrance Ferguson,G,20,51,24.6,51.2,11,8,28,0.643,106,0.538,193,0.383,0.562,0.569,6.9,1.8,3.7,0.8,4.1,0.57,0.24,0.53,3.5,113.6,100.1
185,Sac,Yogi Ferrell,G,25,50,15,31.3,15.9,7.9,47,0.872,142,0.493,104,0.365,0.516,0.553,5.9,1.6,5.5,2,17.9,0.54,0.08,0.46,7.1,117.6,110.7
186,Dal,Dorian Finney-Smith,F,25,60,25.5,53.2,13.6,12.3,84,0.679,206,0.563,183,0.333,0.533,0.554,7.9,4.9,10.3,0.9,5.3,1.02,0.5,1,5.1,110.9,102.5
187,San,Bryn Forbes,G,25,62,28.6,59.5,17.9,9.2,67,0.91,305,0.472,323,0.402,0.54,0.562,11.9,2.9,5.5,2.2,10.8,0.6,0.05,1.08,5.9,108.9,108.8
188,Orl,Evan Fournier,G-F,26,60,31.6,65.7,22.4,12.4,128,0.797,447,0.503,346,0.335,0.503,0.53,15,3.1,5.3,3.6,17.8,0.87,0.15,2,7,102.3,103.8
189,Sac,De'Aaron Fox,G,21,59,31.5,65.6,24.7,15.8,307,0.723,630,0.479,174,0.374,0.497,0.544,17.3,3.6,5.9,7.2,32.7,1.69,0.54,2.98,9.7,108.5,106.4
190,Orl,Melvin Frazier Jr.,G-F,22,7,4.6,9.5,20.5,6.7,0,0,11,0.545,3,0,0.429,0.429,1.7,0.4,5,0,0,0.14,0,0.14,0,86.3,101.2
191,Nor,Tim Frazier,G,28,47,19.3,40.3,12.4,21.7,41,0.78,118,0.517,77,0.351,0.521,0.552,5,2.9,7.9,4.4,28.1,0.53,0.09,1.26,8.3,115.8,106.2
192,Cle,Channing Frye,F-C,35,29,9.5,19.7,16.6,9.6,12,0.75,29,0.276,60,0.4,0.494,0.514,3.3,1.5,8.7,0.6,8.5,0.17,0.14,0.34,6.1,103.4,105.9
193,Phi,Markelle Fultz,G,20,19,22.5,46.8,19.3,12.7,37,0.568,141,0.433,14,0.286,0.432,0.452,8.2,3.6,8.7,3.1,19.6,0.95,0.26,1.32,8,99.3,100.3
194,Lac,Danilo Gallinari,F,30,51,30.6,63.7,22.8,8.7,286,0.909,359,0.462,282,0.436,0.547,0.627,18.8,5.9,10.3,2.4,12.1,0.73,0.35,1.43,8.4,123.4,107.4
195,Det,Langston Galloway,G,27,57,20.9,43.5,16.1,4,59,0.814,138,0.478,266,0.335,0.494,0.52,7.8,2.3,5.9,1,7.4,0.46,0.09,0.32,5,112.3,106.1
196,Mem,Marc Gasol,C,34,53,33.7,70.3,22.5,13.4,201,0.756,462,0.491,221,0.344,0.499,0.541,15.7,8.6,14.5,4.7,23,1.13,1.21,2.25,10.2,106.1,100.4
197,Tor,Marc Gasol,C,34,5,20.1,42,23.4,14.4,10,0.6,40,0.475,3,0.667,0.512,0.527,10,6.2,16.6,3.2,24.1,1,0.8,1.6,11.6,108.3,93.4
198,San,Pau Gasol,C-F,38,27,12.2,25.5,15.8,11.8,38,0.711,78,0.462,10,0.5,0.494,0.544,4.2,4.7,21.1,1.9,20.3,0.19,0.52,0.52,11,120.3,102.3
199,San,Rudy Gay,F,32,51,27.1,56.4,22,12,105,0.857,430,0.544,133,0.429,0.567,0.598,14.3,6.4,13,2.6,14.4,0.84,0.59,1.63,9.1,113.5,103.5
200,Okc,Paul George,F,28,58,36.6,76.2,29.6,9.8,402,0.843,659,0.493,559,0.403,0.544,0.596,28.7,8.1,11.4,4.2,18.1,2.22,0.45,2.6,10.8,118.9,100.1
201,Min,Taj Gibson,F,33,59,25,52.1,16.6,11,141,0.759,425,0.576,33,0.333,0.571,0.606,10.7,6.6,14.1,1.2,6.9,0.8,0.56,1.08,7,121.9,102.8
202,Sac,Harry Giles III,F-C,20,47,13.1,27.3,22.5,16.6,70,0.643,245,0.506,5,0,0.496,0.522,6.2,3.6,14.1,1.3,14.3,0.55,0.32,1.19,9.4,100.5,91.3
203,Lac,Shai Gilgeous-Alexander,G,20,62,25.6,53.3,18.2,16.8,140,0.807,409,0.489,97,0.309,0.484,0.531,9.7,2.7,5.5,3,16.8,1.1,0.56,1.85,6.7,101.9,107.5
204,Uta,Rudy Gobert,C,26,59,31.8,66.3,17.5,12.4,365,0.66,509,0.654,0,0,0.654,0.677,15.4,12.9,22.1,2.2,10.7,0.9,2.15,1.61,9.5,133.5,97.1
205,Den,Brandon Goodwin,G,23,16,3.6,7.4,23,9.7,11,0.818,17,0.235,6,0.333,0.304,0.413,1.4,0.2,2.9,0.9,31.6,0,0,0.19,7,,
206,Orl,Aaron Gordon,F,23,57,33.4,69.6,21.9,12.1,194,0.722,498,0.498,254,0.335,0.499,0.532,15.6,7.2,11.7,3.6,16.5,0.74,0.68,2.02,8.9,106.1,104.3
207,Hou,Eric Gordon,G,30,48,32.5,67.8,22.7,8.5,127,0.803,279,0.491,417,0.324,0.488,0.519,16.3,2.5,4.3,2.1,10.3,0.6,0.44,1.46,5.4,104.6,111.9
208,Lac,Marcin Gortat,C,35,47,16,33.3,14.5,19.4,48,0.729,186,0.532,0,0,0.532,0.562,5,5.6,18.6,1.4,12.2,0.13,0.51,1.06,8.5,110.4,99.6
209,Cha,Devonte' Graham,G,24,31,13,27.1,17.1,13.1,22,0.727,55,0.455,75,0.307,0.458,0.483,4.4,1.2,4.9,2.2,23.2,0.55,0.06,0.68,7,103.1,107.6
210,Bro,Treveon Graham,F,25,23,22.2,46.2,12.3,9.4,18,0.778,43,0.442,84,0.274,0.421,0.448,5.3,2.9,6.9,1,6.4,0.35,0.22,0.61,4.5,96.9,104
211,Okc,Donte Grantham,F,23,1,1.6,3.3,25.4,0,0,0,0,0,1,0,0,0,0,0,0,0,0,0,0,0,0,,
212,Okc,Jerami Grant,F,24,57,32.3,67.4,14.6,7.1,168,0.696,364,0.582,178,0.382,0.579,0.605,13.1,5.1,8.2,0.9,3.8,0.91,1.37,0.82,4.9,120.8,102.8
213,Orl,Jerian Grant,G,26,49,16.6,34.6,13.2,18.4,32,0.688,96,0.469,90,0.333,0.484,0.505,4.1,1.8,5.7,2.8,23.3,0.82,0.1,0.92,6.6,105.6,103.3
214,Tor,Danny Green,G-F,31,59,28.7,59.8,13.5,10,31,0.903,156,0.494,314,0.43,0.595,0.607,9.9,4.2,7.8,1.4,6.6,0.88,0.73,0.92,5.4,116.7,104.1
215,Gol,Draymond Green,F,28,45,31.1,64.8,13.3,27,65,0.708,178,0.551,113,0.248,0.481,0.51,7.2,7.5,12.9,7.3,28.5,1.49,1.07,2.62,9.4,107.3,100.5
216,Hou,Gerald Green,G-F,33,56,21.2,44.1,19.1,8,49,0.796,110,0.609,350,0.354,0.55,0.566,9.7,2.6,6.9,0.6,4.5,0.38,0.41,0.75,4.7,110.1,108.6
217,Mem,JaMychal Green,F,28,41,21.9,45.7,20.6,15.6,80,0.788,216,0.523,96,0.396,0.545,0.58,9.8,6.1,15.9,0.9,6.6,0.8,0.63,1.56,6.9,106,94.6
218,Lac,JaMychal Green,F,28,6,19.5,40.6,15.8,13.8,8,0.75,14,0.571,20,0.5,0.676,0.693,8.7,6.7,18.3,0.5,3.7,0.83,0.67,1,6.3,122,94.4
219,Was,Jeff Green,F,32,58,27.8,57.9,17.7,11.6,149,0.899,282,0.564,244,0.365,0.556,0.608,12.4,4.4,8.8,2,10.2,0.48,0.53,1.34,6.9,115.6,110.6
220,Det,Blake Griffin,F,29,57,36,74.9,30.4,14.4,444,0.748,661,0.539,391,0.366,0.542,0.59,25.8,8,12.1,5.4,27,0.7,0.4,3.67,11.5,113.1,103.2
221,Atl,Daniel Hamilton,G-F,23,19,10.7,22.4,15.7,20.3,6,0.5,37,0.405,23,0.348,0.45,0.455,3,2.5,12.3,1.2,14.8,0.32,0.05,0.84,7.8,90.6,107.5
222,Nyk,Tim Hardaway Jr.,G,26,46,32.6,67.9,25.7,8.9,233,0.854,389,0.424,337,0.347,0.469,0.531,19.1,3.5,5.6,2.7,13.3,0.91,0.13,1.76,6.9,106.9,111
223,Dal,Tim Hardaway Jr.,G,26,8,29.1,60.7,25.2,9.5,25,0.76,53,0.528,60,0.317,0.5,0.532,16.5,3.4,6.2,2.1,12.2,0.63,0.13,1.63,6.7,103.8,108.1
224,Hou,James Harden,G,29,56,37.4,77.8,40.2,15.6,643,0.871,608,0.531,753,0.367,0.542,0.619,36.3,6.6,9.9,7.6,39.5,2.16,0.73,5.43,13.1,117.7,105
225,Por,Maurice Harkless,F,25,40,21.7,45.2,13.1,10.8,34,0.676,148,0.554,77,0.299,0.518,0.533,6.4,4,9.8,0.9,5.7,0.98,0.85,0.73,5.2,109.7,99.1
226,Lac,Montrezl Harrell,F-C,25,62,26.3,54.7,22.7,10.3,311,0.627,635,0.638,11,0.091,0.629,0.644,16.3,6.5,13.2,1.9,11.9,0.9,1.4,1.45,8.9,125,101.4
227,Dal,Devin Harris,G,36,48,15.1,31.4,18.3,12,89,0.764,99,0.545,134,0.306,0.496,0.549,6.2,1.5,5.5,1.4,13.9,0.6,0.23,0.77,6.2,108.4,100.7
228,Den,Gary Harris,G,24,34,29.4,61.2,21.6,7.7,100,0.8,258,0.496,166,0.319,0.489,0.529,14.6,2.9,5.4,2.6,12.9,0.97,0.41,1.15,6.5,110.4,106.5
229,Bro,Joe Harris,G-F,27,57,30.1,62.8,17.1,12.5,95,0.853,275,0.535,293,0.478,0.629,0.652,13.9,3.6,6.4,2.6,13,0.49,0.19,1.53,6.7,121.2,106.2
230,Mem,Andrew Harrison,G,24,1,4.5,9.4,20.1,0,0,0,1,1,1,0,0.5,0.5,2,0,0,0,0,0,0,0,0,96.2,93.1
231,Cle,Andrew Harrison,G,24,10,14.4,29.9,17.1,17.8,16,1,25,0.36,14,0.214,0.346,0.467,4.3,1.5,5.8,1.7,16.5,0.4,0.2,1,6.2,96.8,101
232,Nor,Andrew Harrison,G,24,6,6.3,13,16.4,13.4,2,0.5,2,0.5,10,0.2,0.333,0.349,1.5,0.8,7,1.2,22.6,0,0,0.33,7.2,91.3,100
233,Chi,Shaquille Harrison,G,25,52,17.2,35.9,15.8,11.8,82,0.634,184,0.446,65,0.262,0.432,0.468,5.1,2.6,8.2,1.7,13.7,1.19,0.37,0.73,6.6,96.6,103.9
234,Lac,Tobias Harris,F,26,55,34.6,72.1,23.6,10.3,219,0.877,596,0.523,258,0.434,0.562,0.606,20.9,7.8,12.1,2.7,12.7,0.73,0.44,1.98,8.8,114.8,106.4
235,Phi,Tobias Harris,F,26,7,34.4,71.6,20.5,6.8,24,0.792,56,0.679,43,0.372,0.626,0.653,20.4,8.1,12.7,2.6,11.8,0.29,0.86,1.14,8.8,125.9,104.6
236,Hou,Isaiah Hartenstein,F-C,20,27,8.2,17,11.8,21.6,14,0.786,35,0.514,6,0.333,0.512,0.562,2,1.7,12,0.5,8.9,0.26,0.44,0.48,5.8,113.5,89.4
237,Lal,Josh Hart,G,23,57,25.9,54,13.9,11.1,72,0.681,168,0.512,243,0.333,0.505,0.524,8.1,3.9,7.7,1.4,7.1,1,0.61,0.96,5.5,102.6,103.8
238,Mia,Udonis Haslem,F,38,4,3.7,7.7,23.1,25,0,0,4,0.5,2,0,0.333,0.333,1,1.5,21.6,0,0,0,0,0.5,0,,
239,Bos,Gordon Hayward,F,28,54,26,54.1,19.1,13,128,0.852,292,0.503,193,0.337,0.504,0.552,11.1,4.6,9.4,3.5,18.6,0.89,0.33,1.5,8.7,112,105.2
240,Mil,John Henson,F,28,14,13.5,28,18.7,14.4,10,0.6,36,0.556,31,0.355,0.545,0.553,5.6,5.1,19.5,1,10.1,0.5,0.79,0.86,9.1,108.7,94.8
241,Den,Juancho Hernangomez,F,23,56,22.1,46.1,12.4,9.4,84,0.762,125,0.552,165,0.388,0.569,0.603,7,4.4,10.9,0.9,5,0.43,0.41,0.61,5.5,122,106.6
242,Cha,Willy Hernangomez,C,24,45,13.7,28.6,22.8,13.7,111,0.676,204,0.525,30,0.433,0.541,0.58,7.3,5.6,21.8,0.9,10.4,0.24,0.33,1,9.7,116.8,98.8
243,Nyk,Mario Hezonja,F,24,48,19.1,39.8,20.5,12.6,77,0.701,234,0.457,119,0.277,0.443,0.474,7.6,3.7,10.1,1,8.2,0.94,0.13,1.17,6.4,91.7,105.3
244,Nyk,Isaiah Hicks,F,24,1,3.6,7.5,10.4,0,2,0.5,0,0,0,0,,0.568,1,0,0,1,34.7,0,0,0,0,,
245,Sac,Buddy Hield,G,25,60,31.6,65.9,24.9,10.3,134,0.851,517,0.499,453,0.448,0.58,0.602,20.7,5.2,8.5,2.3,11.2,0.55,0.37,1.97,7.9,113.5,108.2
246,Phi,Haywood Highsmith,F,22,2,4.4,9.2,9.5,0,0,0,0,0,2,0.5,0.75,0.75,1.5,0.5,6.1,1,30.6,0,0,0,8.3,171.3,114.9
247,Cle,George Hill,G,32,13,26.5,55.2,17.3,14.7,20,0.85,79,0.532,28,0.464,0.575,0.604,10.8,2.1,4.3,2.8,16.3,0.92,0.08,1.54,6,115.4,110.3
248,Mil,George Hill,G,32,34,20.4,42.4,12.9,9.5,37,0.811,89,0.517,86,0.279,0.469,0.507,5.7,2.6,6.6,2.2,13.4,0.91,0.18,0.59,6.3,111.3,101.2
249,Nor,Solomon Hill,F,27,35,20.3,42.4,9.5,14,27,0.704,59,0.508,70,0.286,0.465,0.493,4,3.1,8,1.3,7.4,0.51,0.23,0.66,5,105.1,108.2
250,Ind,Aaron Holiday,G,22,37,11.8,24.7,23.1,11.2,34,0.882,96,0.469,95,0.295,0.455,0.495,5.5,1.5,6.9,1.5,18.1,0.38,0.32,0.7,7.8,100.1,98.6
251,Nor,Jrue Holiday,G,28,62,36.1,75.2,25.3,14.1,260,0.765,734,0.537,329,0.322,0.52,0.554,21,5,7.3,7.9,32,1.65,0.85,3.11,10.4,111.7,109.7
252,Chi,Justin Holiday,G,29,38,34.9,72.6,15.3,10.2,46,0.891,124,0.435,270,0.359,0.506,0.531,11.6,4.4,7,2.2,9.2,1.74,0.58,1.24,5.5,103.1,109.2
253,Mem,Justin Holiday,F-G,29,24,28.6,59.5,16.3,13.4,27,0.889,106,0.406,96,0.281,0.413,0.447,8,3.5,6.9,1.6,8.3,1,0.29,1.38,5,85.9,106.4
254,Cle,John Holland,G,30,1,0.7,1.5,0,,0,0,0,0,0,0,,,0,0,0,0,0,0,0,0,0,,
255,Bro,Rondae Hollis-Jefferson,F,24,49,22.3,46.4,20.9,10.2,157,0.65,372,0.43,45,0.2,0.416,0.462,9.2,5.3,12.8,1.7,11.2,0.69,0.47,1.12,7.8,98.9,103
256,Pho,Richaun Holmes,F-C,25,56,16.5,34.4,17.3,11.3,128,0.719,273,0.648,0,0,0.648,0.677,8,4.5,15.4,0.8,8,0.55,1.14,0.75,7.4,130.7,100.2
257,Cle,Rodney Hood,G,26,45,27.4,57.1,19.1,6.7,114,0.912,302,0.46,152,0.362,0.488,0.542,12.2,2.5,5,2,11.6,0.84,0.11,0.8,5.7,113.3,112
258,Por,Rodney Hood,G,26,7,21.6,45.1,13.2,2.1,3,0.333,27,0.556,18,0.389,0.567,0.561,7.4,1.4,3.5,0.9,5.5,0.86,0.29,0.14,3.9,117.8,106.6
259,Bos,Al Horford,F-C,32,50,28.8,59.9,18.8,12.3,56,0.804,367,0.591,158,0.367,0.579,0.594,13.1,6.9,12.8,4,20.3,0.88,1.46,1.54,9.9,120.4,103.4
260,Hou,Danuel House Jr.,F-G,25,25,24.8,51.7,14.1,11.4,55,0.818,55,0.582,100,0.39,0.584,0.631,9,3.6,8,1,6.1,0.56,0.4,0.92,5.1,122.5,109.9
261,Was,Dwight Howard,C,33,9,25.5,53.1,19.7,15.1,48,0.604,69,0.623,0,0,0.623,0.638,12.8,9.2,19.9,0.4,2.6,0.78,0.44,1.78,5.7,116.5,98.4
262,Atl,Kevin Huerter,G,20,55,27.2,56.7,15.1,15.7,47,0.745,200,0.46,248,0.387,0.527,0.541,9.2,3.2,6.3,2.8,14.3,0.89,0.35,1.58,6.4,104.6,111.8
263,Chi,Chandler Hutchison,F,22,44,20.3,42.4,12.3,10,38,0.605,159,0.516,50,0.28,0.493,0.507,5.2,4.2,11.3,0.8,5.4,0.52,0.14,0.57,5.1,101.7,108.4
264,Tor,Serge Ibaka,F-C,29,57,28.7,59.9,22.9,11,151,0.775,580,0.586,139,0.259,0.548,0.576,15.9,8.1,15.1,1.5,8.3,0.47,1.26,1.7,8.1,112.3,99.4
265,Gol,Andre Iguodala,G-F,35,53,23.7,49.5,10.6,12.5,60,0.583,130,0.623,117,0.35,0.577,0.585,6,3.8,8.6,3.3,16.9,0.89,0.81,0.74,7.1,125.2,108.1
266,Mil,Ersan Ilyasova,F,31,48,17.8,37,15.8,10.9,44,0.864,155,0.503,111,0.369,0.524,0.555,6.6,4.5,13,0.9,6.3,0.54,0.23,0.73,6.7,114,92.3
267,Uta,Joe Ingles,F,31,59,31.4,65.4,17.2,17.6,96,0.719,238,0.529,333,0.378,0.552,0.57,11.8,3.8,6.7,5,23.2,1.32,0.2,2.22,7.7,108.1,101.7
268,Lal,Brandon Ingram,F,21,49,33.5,69.8,23.2,13.8,270,0.67,587,0.516,87,0.322,0.512,0.549,17.8,5,7.8,3,13.1,0.57,0.59,2.59,7.7,103.1,105.6
269,Bos,Kyrie Irving,G,26,49,32.8,68.3,29.5,11.7,178,0.871,589,0.538,305,0.413,0.566,0.6,23.8,4.8,7.8,7,35.6,1.65,0.49,2.63,11.3,119.3,103.8
270,Orl,Jonathan Isaac,F,21,55,26.2,54.6,16.2,10.9,107,0.85,255,0.506,172,0.297,0.481,0.529,9.1,5.3,10.9,1,5.3,0.84,1.31,1.05,5.6,104.6,103.2
271,Orl,Wes Iwundu,F,24,47,17.2,35.9,13.7,12.2,78,0.795,136,0.434,53,0.358,0.463,0.531,5,2.5,7.7,0.8,6.6,0.43,0.38,0.66,5,104.9,100.9
272,Mem,Jaren Jackson Jr.,F-C,19,58,26.1,54.4,23.1,12.7,197,0.766,448,0.551,142,0.359,0.548,0.59,13.8,4.7,10.2,1.1,7.5,0.9,1.41,1.69,6.4,107.9,95.7
273,Phi,Demetrius Jackson,G,24,6,6.6,13.7,18.9,5.6,4,1,9,0.667,6,0.333,0.6,0.656,3.7,0.5,4.1,0.8,19.4,0.33,0,0.17,6.9,138,104
274,Nor,Frank Jackson,G,20,47,15.7,32.8,17.6,8.9,44,0.75,164,0.494,103,0.272,0.461,0.487,5.9,1.7,5.8,0.9,7.9,0.34,0.02,0.6,5.3,98.8,108.8
275,Pho,Josh Jackson,F,22,62,24.1,50.3,24.6,16.7,161,0.671,478,0.458,162,0.29,0.452,0.483,11.1,4.2,9.7,2.3,14.9,1,0.63,2.31,7.9,90.2,107.3
276,Sac,Justin Jackson,F,23,52,20.8,43.4,12.9,6.5,50,0.82,136,0.515,159,0.346,0.517,0.546,6.7,2.8,6.9,1.3,8.1,0.44,0.25,0.42,5.6,114.1,109.8
277,Dal,Justin Jackson,F,23,7,10.4,21.8,18.9,3.1,3,1,17,0.412,13,0.308,0.433,0.463,4.1,1,5.1,0.4,6.3,0.14,0,0.14,4.5,99.2,109.1
278,Det,Reggie Jackson,G,28,59,29,60.5,23,11.4,182,0.879,401,0.461,335,0.361,0.498,0.547,15.1,2.7,5.2,4.4,24.6,0.69,0.1,1.78,7.8,112.5,103.7
279,Lal,LeBron James,F,34,42,35.3,73.5,30.7,13.5,316,0.677,568,0.579,242,0.347,0.562,0.592,26.8,8.7,12.7,7.8,36.5,1.43,0.64,3.52,13.8,114.8,105.4
280,Orl,Amile Jefferson,F,25,5,3.9,8.2,12.8,0,4,1,4,0.25,0,0,0.25,0.521,1.2,1.4,19.1,0,0,0.2,0,0,0,,
281,Was,John Jenkins,G,27,4,3.6,7.4,6,0,0,0,0,0,2,1,1.5,1.5,1.5,0.3,3.9,0.3,9.6,0,0,0,5.7,,
282,Nyk,John Jenkins,G,27,4,13.8,28.8,19.2,8,0,0,12,0.5,11,0.364,0.522,0.522,6,1.8,6.6,1,11.7,0,0,0.5,6.4,106.1,120.3
283,Gol,Jonas Jerebko,F,31,55,17.9,37.4,14.8,10.5,62,0.823,127,0.606,152,0.355,0.566,0.599,6.7,4.6,13.6,1.5,10.4,0.31,0.2,0.65,8,123.3,102
284,Ind,Alize Johnson,F,22,11,2.9,6,16.1,0,4,0.25,8,0.125,2,0.5,0.25,0.255,0.5,0.7,14,0,0,0,0.09,0,0,,
285,Phi,Amir Johnson,C-F,31,38,9.4,19.6,17.7,21.8,30,0.767,80,0.588,25,0.36,0.576,0.609,3.8,2.5,14.1,1.2,18,0.29,0.24,0.87,9.6,110.5,90
286,Mia,James Johnson,F,32,41,20.8,43.4,18.2,14.8,47,0.723,181,0.475,108,0.352,0.495,0.517,7.8,3.2,8.1,2.3,16.6,0.66,0.46,1.32,7.4,101.3,101.6
287,Det,Stanley Johnson,F,22,48,20,41.7,19,12.9,51,0.804,168,0.488,181,0.282,0.454,0.482,7.5,3.6,9.9,1.3,9.4,1,0.27,1.15,6.5,94.9,100
288,Nor,Stanley Johnson,F,22,6,12.8,26.6,18.6,20.3,1,0,18,0.389,9,0.111,0.315,0.31,2.8,2.5,10.2,1.2,11.4,0.5,0,1.17,6.4,70.8,102.5
289,Mia,Tyler Johnson,G,26,44,25.5,53.2,19.1,12.5,88,0.693,197,0.503,204,0.353,0.516,0.54,10.8,2.7,5.6,2.5,15,0.91,0.48,1.43,6.6,106,106.4
290,Pho,Tyler Johnson,G,26,6,30.9,64.3,17.3,8,15,0.867,36,0.361,26,0.385,0.452,0.503,11.5,4,7.3,3.8,17.8,1.5,0.5,1,7.2,109.9,111.2
291,Nor,Wesley Johnson,F-G,31,26,14.5,30.2,11.3,10.7,9,0.667,38,0.421,50,0.38,0.506,0.517,3.7,2.1,7.5,0.6,5.2,0.46,0.27,0.42,4.6,103.3,104.1
292,Was,Wesley Johnson,F-G,31,6,18,37.4,12.7,15.6,7,0.571,8,0.5,16,0.25,0.417,0.443,4,2,6.1,1,7,0.33,0.67,0.83,4.4,86.7,107.9
293,Den,Nikola Jokic,C,24,58,31.5,65.6,27.8,15.9,269,0.848,679,0.564,205,0.307,0.54,0.59,20.4,10.8,18.6,7.7,38.2,1.43,0.64,3.26,15.1,119.8,98.9
294,Mia,Derrick Jones Jr.,F-G,22,39,18.3,38,16.3,8.8,75,0.627,159,0.56,56,0.357,0.553,0.575,7.3,4.3,12.4,0.5,4,0.79,0.72,0.62,5.5,117.8,99.6
295,Gol,Damian Jones,C,23,24,17.1,35.6,11,15.1,37,0.649,74,0.716,0,0,0.716,0.72,5.4,3.1,9.8,1.2,8.7,0.5,1.04,0.67,6.4,137.4,98.9
296,Cle,Jalen Jones,F,25,16,13.4,27.9,16.7,9.8,27,0.704,34,0.471,28,0.357,0.5,0.548,5.1,2.1,8.5,0.4,4.8,0.56,0.13,0.5,4.8,110.9,105.5
297,Min,Tyus Jones,G,22,46,20.7,43,13.6,9.7,44,0.818,180,0.439,80,0.288,0.437,0.471,5.7,1.7,4.5,4.1,26.4,1.35,0.09,0.65,6.6,112.6,109.9
298,Dal,DeAndre Jordan,C,30,50,31.1,64.8,14.3,21.3,198,0.682,323,0.644,0,0,0.644,0.672,11,13.7,23.7,2,9.6,0.64,1.06,2.22,8.6,121.4,99
299,Nyk,DeAndre Jordan,C,30,8,26.8,55.8,15.7,16.3,33,0.727,52,0.673,0,0,0.673,0.707,11.8,12,23.4,2.1,12.4,0.38,1.25,1.63,10,134.3,102.7
300,Ind,Cory Joseph,G,27,61,25.5,53.2,14,13.4,32,0.656,279,0.498,140,0.329,0.496,0.505,7.2,3.6,7.9,3.9,20.3,1,0.2,1.1,7.3,107.2,103.1
301,Cha,Frank Kaminsky,F-C,25,26,10.8,22.5,20.8,13.2,35,0.629,57,0.579,46,0.348,0.553,0.574,5.2,2.4,12.1,1,14.5,0.19,0.19,0.69,8.6,113,105.3
302,Nyk,Enes Kanter,C,26,44,25.6,53.4,22.7,13.1,129,0.814,446,0.547,22,0.318,0.544,0.585,14,10.5,21.4,1.9,12.9,0.41,0.41,1.8,10.2,117.8,104.3
303,Por,Enes Kanter,C,26,3,19.8,41.2,26,11,10,0.9,27,0.63,1,0,0.607,0.664,14.3,7.7,20.6,2,17.4,0.33,0,1.33,12.2,133,95.5
304,Det,Luke Kennard,G,22,41,21.2,44.1,18,9,38,0.763,155,0.477,160,0.388,0.53,0.547,8.9,2.9,7.3,1.5,10.7,0.44,0.17,0.8,6.4,108.1,105.9
305,Cha,Michael Kidd-Gilchrist,F,25,53,19.6,40.8,16.3,10.1,119,0.773,262,0.511,40,0.275,0.498,0.555,7.4,4.2,11.5,0.9,6.8,0.51,0.7,0.75,6.2,115.6,101.1
306,Pho,George King,F,25,1,5.9,12.3,0,,0,0,0,0,0,0,,,0,1,9.5,0,0,0,0,0,0,,120.7
307,Dal,Maxi Kleber,F,27,54,19.7,41.1,14,11.5,52,0.788,120,0.608,165,0.333,0.546,0.572,6.5,4,10.8,0.8,5.9,0.52,1.19,0.74,5.6,113.4,102
308,Hou,Brandon Knight,G,27,12,9.8,20.5,20.8,8.8,11,0.818,15,0.4,32,0.156,0.287,0.347,3,0.8,4.3,0.8,10.7,0.17,0,0.42,5.1,79.1,106.6
309,Cle,Brandon Knight,G,27,6,17.2,35.9,17.2,14.7,4,1,13,0.615,20,0.35,0.561,0.59,6.8,1.5,4.8,3,26.6,0.33,0,1,7.3,117.9,115.3
310,Nyk,Kevin Knox,F,19,53,28.5,59.3,22.4,10.2,147,0.728,387,0.385,264,0.337,0.434,0.469,12.7,4.5,8.2,1,5.3,0.53,0.32,1.53,5.4,92.7,108.7
311,Phi,Furkan Korkmaz,G-F,21,46,14.2,29.6,17.8,9,42,0.833,95,0.505,139,0.331,0.5,0.533,5.8,2.3,8.7,1.1,11,0.61,0.04,0.54,6.9,107.9,102.6
312,Nyk,Luke Kornet,F-C,23,30,15.7,32.8,18.7,7.7,27,0.852,59,0.373,121,0.388,0.514,0.542,6.9,2.5,8.4,1.1,11,0.63,0.57,0.53,6.8,111.8,110.6
313,Cle,Kyle Korver,G-F,37,16,15.7,32.7,17.4,17,16,0.813,22,0.455,54,0.463,0.625,0.65,6.8,1.8,6.4,1.1,10.2,0.19,0.13,1.06,6.1,111.9,111.5
314,Uta,Kyle Korver,G-F,37,37,19.7,41,18.8,9.4,45,0.844,79,0.519,191,0.393,0.569,0.595,9.3,2.4,6.6,1,7.4,0.32,0.22,0.81,5.7,110.9,103.6
315,Sac,Kosta Koufos,C,30,32,11.9,24.8,14.8,14.7,17,0.353,109,0.486,0,0,0.486,0.481,3.5,4.3,18.8,0.8,9.1,0.41,0.41,0.63,7.7,102.4,96.2
316,Bro,Rodions Kurucs,F,21,43,20.4,42.5,18.5,13.3,59,0.881,195,0.554,112,0.304,0.518,0.556,8.6,3.6,9.4,0.8,5.7,0.6,0.3,1.19,5.7,104.5,101.6
317,Lal,Kyle Kuzma,F,23,56,32.8,68.3,24,10.4,193,0.762,526,0.567,341,0.32,0.532,0.562,19.1,5.6,8.9,2.5,11.3,0.61,0.36,1.98,7.9,107.5,106.3
318,Sac,Skal Labissiere,F,22,13,8.7,18.2,15.2,16.7,11,0.545,19,0.474,11,0.364,0.5,0.517,2.8,1.8,10.9,0.5,6.8,0.15,0.23,0.54,6.3,95.9,95
319,Por,Skal Labissiere,F,22,2,2.1,4.4,10.1,100,0,0,0,0,0,0,,,0,0.5,12.6,0,0,0,0.5,0.5,0,,
320,Cha,Jeremy Lamb,G,26,57,28.4,59.1,22.3,6.6,181,0.862,478,0.496,227,0.33,0.496,0.545,15,5.5,10.4,2.1,11.3,1.07,0.3,0.96,7.9,112.3,106.8
321,Chi,Zach LaVine,G,23,54,34.1,71,30.3,14,302,0.858,686,0.501,273,0.366,0.515,0.571,23.1,4.6,7.4,4.5,23.1,0.93,0.41,3.3,9.2,105.9,109.9
322,Por,Jake Layman,F,24,49,18.5,38.6,16.1,9,40,0.725,168,0.667,128,0.367,0.617,0.628,8,3.1,8.9,0.7,5.6,0.47,0.47,0.63,5.6,122.5,106.4
323,Ind,TJ Leaf,F,21,40,8.4,17.5,16.5,7.9,16,0.563,86,0.616,24,0.208,0.55,0.555,3.3,1.9,12.3,0.4,6.8,0.1,0.25,0.25,6.5,113.2,101.8
324,Nyk,Courtney Lee,G,33,12,13.4,27.8,15.4,8.6,14,0.643,31,0.516,16,0.313,0.5,0.527,4.7,2.3,8.8,1.3,14.9,0.67,0.17,0.42,7.2,112.9,107.4
325,Dal,Courtney Lee,G,33,6,8.6,17.9,11,7.5,3,1,7,0.429,4,0.25,0.409,0.487,2,0.5,3.1,0.7,10.7,0.33,0,0.17,4.1,107.4,99.9
326,Gol,Damion Lee,G,26,18,11.9,24.9,16.9,9.3,15,0.8,34,0.5,37,0.405,0.556,0.586,5.1,2,9,0.2,1.8,0.44,0,0.44,4.3,109.3,104.8
327,Atl,Alex Len,C,25,57,18.8,39.2,22,14.1,155,0.684,326,0.534,104,0.327,0.523,0.558,9.8,5.5,15.5,1,8,0.37,0.89,1.44,8,107.8,103.8
328,Tor,Kawhi Leonard,F,27,44,34.8,72.4,29.9,8.5,341,0.865,616,0.534,216,0.356,0.534,0.603,26.9,7.6,11.8,3.3,15.6,1.86,0.48,2.07,10.1,120,104.8
329,Por,Meyers Leonard,F-C,27,52,14.5,30.2,15.1,13.8,44,0.818,112,0.607,100,0.47,0.653,0.676,6,3.9,14.3,1.2,11.7,0.25,0.17,0.71,8.4,128.6,99.6
330,Det,Jon Leuer,F,29,34,10.5,21.8,16.4,16.8,29,0.759,90,0.667,11,0.091,0.609,0.637,4.3,2.6,13.5,0.4,5.8,0.35,0.12,0.68,6.3,113.1,94.3
331,Bro,Caris LeVert,G,24,20,28.1,58.5,26.1,12.1,70,0.729,189,0.503,85,0.306,0.489,0.523,16,4,7.5,4,23.1,1.3,0.45,2.1,9,104.9,104.4
332,Por,Damian Lillard,G,28,59,35.3,73.4,29.7,11.2,388,0.91,667,0.501,457,0.368,0.521,0.589,25.8,4.6,6.9,6.5,29.2,1.15,0.46,2.76,10.4,119.9,108.7
333,Atl,Jeremy Lin,G,30,51,19.7,41,22.7,17.6,168,0.845,254,0.535,132,0.333,0.523,0.594,10.7,2.3,6.3,3.5,27.2,0.75,0.14,1.92,9,112.5,108.9
334,Tor,Jeremy Lin,G,30,3,21,43.8,23,11.8,9,0.778,18,0.5,8,0,0.346,0.417,8.3,3,7.7,4,26.2,0.67,0.33,1.33,8.8,93.3,105
335,Gol,Shaun Livingston,G,33,47,15.3,31.9,13,12.3,43,0.814,171,0.497,2,0,0.491,0.534,4.4,2,6.9,1.9,15.7,0.53,0.49,0.57,6.7,117.7,107.8
336,Det,Zach Lofton,G,26,1,3.8,7.9,22.5,50,0,0,0,0,1,0,0,0,0,0,0,0,0,1,0,1,0,,
337,Gol,Kevon Looney,F,23,60,20.2,42.1,12.3,11.4,86,0.628,262,0.63,10,0.1,0.612,0.625,6.5,5.8,15.2,1.7,11,0.57,0.8,0.67,7.9,136.3,99.3
338,Mil,Brook Lopez,C,30,60,28,58.4,16.9,8.9,76,0.829,188,0.644,393,0.364,0.577,0.597,12.2,4.3,8,1.1,5.2,0.53,2.15,1,5.5,111.3,100
339,Chi,Robin Lopez,C,30,53,18.5,38.6,18.7,15.8,75,0.72,298,0.584,21,0.286,0.574,0.597,7.9,3.2,9.3,1,8.6,0.17,0.98,1.25,6.3,110.2,108.1
340,Cle,Kevin Love,F-C,30,9,26,54.2,31.3,13.1,54,0.87,66,0.379,56,0.375,0.463,0.549,17.8,11,23.4,2,12.7,0.22,0.33,2.44,11.3,107.1,103
341,Tor,Kyle Lowry,G,32,49,34.4,71.7,19.4,18,155,0.845,224,0.522,338,0.34,0.515,0.563,14.5,4.4,6.9,9.1,36.3,1.45,0.53,2.82,9.7,115.8,103.8
342,Tor,Jordan Loyd,G,25,8,4.5,9.3,18.1,13.2,5,0.8,6,0.5,5,0.4,0.545,0.606,2,0.9,10.6,0.3,7.7,0,0,0.25,7.2,114,98
343,Det,Kalin Lucas,G,29,1,5.6,11.7,14.4,0,2,1,0,0,1,0,0,0.532,2,3,29.2,1,22.3,0,0,0,13,140.4,85
344,Okc,Timothe Luwawu-Cabarrot,G-F,23,21,5.8,12.2,16.4,8.1,6,0.667,21,0.381,22,0.227,0.36,0.383,1.7,0.9,7.6,0.2,4.1,0.19,0.05,0.19,4.6,84,99.7
345,Chi,Timothe Luwawu-Cabarrot,G-F,23,8,16,33.3,19.5,8.8,11,0.727,22,0.364,25,0.32,0.426,0.463,6,2.6,9,0.6,5.7,0.38,0.13,0.63,5.3,90.1,101.5
346,Den,Tyler Lydon,F,22,23,3.9,8.1,10.6,17.9,3,0.333,7,0.571,10,0.4,0.588,0.573,0.9,0.7,10.3,0.2,7,0.09,0,0.17,5.1,,
347,Den,Trey Lyles,F,23,55,18.6,38.8,23.4,10.8,108,0.694,274,0.536,181,0.254,0.475,0.504,9.2,4.1,11.8,1.4,10.8,0.51,0.44,1.11,8.1,101.5,103
348,Mem,Shelvin Mack,G,28,53,22.7,47.3,18.2,12.8,75,0.707,261,0.441,128,0.359,0.473,0.499,7.9,1.9,4.8,3.4,23.7,0.83,0.08,1.17,6.5,102.2,106.6
349,Cha,Shelvin Mack,G,28,2,11.9,24.8,20,9,7,0.571,7,0.143,0,0,0.143,0.298,3,1,4.5,0.5,5.3,1,0,0.5,3.8,65.1,99.6
350,Dal,Daryl Macon,G,23,4,2.1,4.4,15.1,33.3,0,0,2,1,0,0,1,1,1,0,0,0,0,0.25,0,0.25,0,,
351,Cha,J.P. Macura,G,23,1,13.8,28.8,24.9,0,0,0,4,0.5,4,0,0.25,0.25,4,2,7.8,2,21,0,0,0,7.3,67.8,116.6
352,Was,Ian Mahinmi,C,32,31,14.3,29.9,12.5,15.3,60,0.683,72,0.556,12,0.083,0.494,0.562,4,3.5,13.4,0.8,7,0.77,0.48,0.65,6.3,116.6,98
353,Mil,Thon Maker,F,22,35,11.7,24.4,16.4,5.7,37,0.541,56,0.589,78,0.333,0.537,0.546,4.7,2.7,12.1,0.5,5.8,0.29,0.51,0.26,6.3,112.3,93
354,Det,Thon Maker,F,22,6,14.4,30,16.6,20.8,6,1,7,0.286,17,0.353,0.458,0.526,4.7,2.8,10.7,0.3,3.3,0.5,0.5,1.17,4.4,94.2,103
355,Lac,Boban Marjanovic,C,30,34,11.1,23,24.7,16.9,95,0.758,138,0.616,2,0,0.607,0.666,7.1,4.5,21.6,0.6,9.5,0.29,0.5,1.09,9.6,123.1,95.6
356,Phi,Boban Marjanovic,C,30,7,17,35.4,19.5,19.9,14,0.643,37,0.73,1,0,0.711,0.713,9,6.3,19.8,1.4,13.3,0.29,0.86,1.57,10.1,121.4,98.8
357,Chi,Lauri Markkanen,F,21,38,32.7,68,25,8.4,130,0.877,336,0.488,253,0.383,0.525,0.567,19.3,9.1,15.2,1.4,7,0.79,0.66,1.55,7.7,108.8,105.9
358,Orl,Jarell Martin,F,24,32,7.9,16.5,16.4,11.5,8,0.875,42,0.476,39,0.385,0.525,0.544,2.9,1.6,11,0.4,8,0.06,0.22,0.34,6.2,103.4,97.4
359,Sac,Frank Mason,G,24,34,11.6,24.2,20.3,15.4,53,0.679,92,0.522,50,0.22,0.454,0.499,4.9,1.1,5.1,2.4,27.9,0.47,0.12,0.88,8.1,103.5,108.3
360,Dal,Wesley Matthews,G-F,32,44,29.8,62.1,18.8,10.1,110,0.791,206,0.456,263,0.38,0.52,0.556,13.1,2.3,4.2,2.3,11.7,0.77,0.25,1.32,5.5,109.5,106.5
361,Nyk,Wesley Matthews,G-F,32,2,27,56.1,18.2,8.6,5,0.8,9,0.222,10,0.2,0.263,0.33,7,1.5,2.9,2.5,12.8,0.5,0.5,1,4.4,78.3,116.7
362,Ind,Wesley Matthews,G-F,32,5,30.9,64.4,17,8.3,14,0.929,15,0.333,34,0.441,0.561,0.616,13.6,2.4,4.3,2,8.7,0.8,0.2,1,5.2,120.2,101.4
363,Lac,Luc Mbah a Moute,F,32,4,15.3,31.8,15.4,9,5,0.4,12,0.5,6,0.333,0.5,0.495,5,1.8,6.1,0.5,4.6,0.25,0.25,0.5,4.3,98,103.4
364,Cle,Patrick McCaw,G,23,3,17.6,36.7,9.9,25,0,0,5,0.2,4,0.25,0.278,0.278,1.7,1,3.1,0.7,5,0.67,0,1,2.4,51.9,119.1
365,Tor,Patrick McCaw,G,23,12,11.6,24.1,10.8,20,7,1,14,0.571,11,0.182,0.44,0.516,2.4,2.2,10.1,0.9,10,0.75,0.17,0.58,5.8,104.6,96.7
366,Por,CJ McCollum,G,27,59,34,70.7,25.9,7.6,165,0.83,690,0.509,370,0.368,0.524,0.551,21.1,4.1,6.4,2.8,13.2,0.83,0.36,1.58,7.3,112,107.4
367,Phi,T.J. McConnell,G,26,55,20.4,42.4,14.3,18.1,26,0.769,267,0.573,34,0.353,0.568,0.579,6.6,2.3,6,3.9,26.7,1.25,0.24,1.25,7.6,114.6,103.9
368,Ind,Doug McDermott,F,27,56,17.2,35.9,15.3,8.3,61,0.852,123,0.545,161,0.404,0.579,0.613,6.8,1.4,4.4,0.9,7.1,0.23,0.11,0.5,4.8,117.9,104.5
369,Lal,JaVale McGee,C,31,53,21.5,44.8,20,13.7,109,0.651,418,0.61,8,0.125,0.602,0.616,11,6.8,16.3,0.7,5.2,0.6,1.92,1.42,7,115.3,98.9
370,Mia,Rodney McGruder,G-F,27,53,25.1,52.2,15.7,12.1,53,0.755,212,0.448,195,0.344,0.48,0.501,8.1,3.8,8,1.9,11,0.55,0.17,1.11,6.2,102.3,104.9
371,Gol,Alfonzo McKinnie,F,26,50,14,29.2,14.5,9.6,31,0.516,119,0.58,84,0.345,0.554,0.556,4.8,3.5,13.4,0.4,3.5,0.22,0.22,0.46,5.4,114.6,100.5
372,Sac,Ben McLemore,G,26,19,8.3,17.3,19.4,6.7,12,0.667,23,0.348,41,0.415,0.523,0.541,3.9,0.9,5.5,0.2,3.5,0.32,0.16,0.26,4.3,105.1,101.4
373,Was,Jordan McRae,G,27,19,9.1,18.9,19.9,11.2,12,0.583,51,0.49,15,0.533,0.561,0.568,4.3,1.1,6.7,0.6,9.5,0.32,0.21,0.47,6.2,104.7,111.3
374,Tor,Jodie Meeks,G,31,1,16.8,35,22.8,0,0,0,4,0.5,5,0.4,0.556,0.556,10,2,6.4,0,0,0,0,0,0,108.7,108
375,Dal,Salah Mejri,C,32,20,8.5,17.7,11.9,12.7,12,0.75,31,0.516,5,0.2,0.486,0.533,2.2,2.7,16.7,0.6,9.2,0.2,0.4,0.3,7.2,117.5,96.3
376,Pho,De'Anthony Melton,G,20,35,19.8,41.3,16.1,21.2,18,0.833,119,0.412,78,0.308,0.431,0.451,5.3,2.5,7.2,3.3,22.9,1.46,0.49,1.57,7.1,91.4,104.6
377,San,Chimezie Metu,F,21,28,5,10.4,23.9,19.6,17,0.765,52,0.327,2,0,0.315,0.382,1.7,1.2,13.3,0.5,12.4,0.21,0.07,0.54,8.1,78.5,103.3
378,Mil,Khris Middleton,F,27,57,31,64.7,24.1,12.6,185,0.843,459,0.475,344,0.384,0.518,0.559,17.3,5.9,9.9,4.2,19.1,1.04,0.09,2.25,9.7,108.2,99.5
379,Tor,CJ Miles,F-G,31,40,14.1,29.3,18.7,8.5,44,0.795,69,0.391,137,0.314,0.444,0.484,5.5,1.7,6.3,0.6,5.3,0.48,0.23,0.53,5,97.8,101.2
380,Mem,CJ Miles,F-G,31,5,22.4,46.6,19.9,8.1,3,1,19,0.474,25,0.28,0.443,0.463,8.4,1.8,4.6,1.2,8.5,0.6,0.2,0.8,4.7,89.6,107.4
381,Nor,Darius Miller,F,28,54,25.4,53,12.9,9.5,43,0.837,86,0.442,284,0.373,0.532,0.553,8,1.8,3.7,1.8,9,0.63,0.39,0.76,4.7,109.7,108.4
382,Den,Paul Millsap,F,34,48,25.9,54,20.1,10.7,171,0.719,352,0.528,99,0.354,0.529,0.57,12.5,7,14.7,1.9,10.4,1.29,0.88,1.31,8.5,116.8,100
383,San,Patty Mills,G,30,62,23.9,49.9,18.1,11.8,88,0.852,209,0.469,293,0.399,0.545,0.575,10,2.4,5.4,3.1,17.6,0.68,0.15,1.16,7,113.3,109.5
384,Phi,Shake Milton,G,22,13,9.7,20.2,17.1,5.9,5,0.8,21,0.476,25,0.4,0.543,0.56,4.2,1.5,8.1,1,14.8,0.31,0.23,0.23,7.6,120.3,102
385,Nor,Nikola Mirotic,F,28,32,28.9,60.2,21.8,7.6,101,0.842,176,0.551,231,0.368,0.552,0.591,16.7,8.3,14.9,1.1,5.3,0.66,0.78,1.16,7.4,116.4,104.1
386,Mil,Nikola Mirotic,F,28,3,18.3,38.1,22.3,0,0,0,8,0.875,21,0.381,0.655,0.655,12.7,4.3,12.2,1,8.7,0.33,0.67,0,8.3,132.8,100.1
387,Uta,Donovan Mitchell,G,22,55,33.5,69.8,31.6,11,270,0.804,717,0.469,372,0.325,0.475,0.518,22.8,4,6.5,4,20.9,1.47,0.36,2.73,8.5,101.8,101.3
388,Uta,Naz Mitrou-Long,G,25,10,3.9,8.1,12.1,27.3,0,0,2,0.5,6,0.167,0.313,0.313,0.5,0.2,2.8,0.4,13.3,0,0,0.3,3.5,,
389,Cha,Malik Monk,G,21,57,17.9,37.4,25.6,11.6,92,0.891,228,0.465,271,0.328,0.48,0.52,9.8,1.7,5.2,1.8,15.2,0.49,0.26,1.25,6.9,100.6,108.3
390,Tor,Greg Monroe,C,28,38,11.1,23.2,22.2,14.6,61,0.574,157,0.471,4,0,0.46,0.487,4.8,4.1,19.9,0.4,5.5,0.34,0.21,0.84,7.2,100.7,94
391,Nor,E'Twaun Moore,G,30,49,28.4,59.2,17.4,9.6,52,0.75,342,0.518,165,0.418,0.553,0.566,12.2,2.4,4.5,2,9.6,0.76,0.16,1.14,5.5,110,110.5
392,Pho,Eric Moreland,F-C,27,1,5,10.4,0,,0,0,0,0,0,0,,,0,3,33.7,0,0,0,0,0,0,,85.1
393,Mil,Jaylen Morris,G,23,4,7.1,14.8,17.6,8.4,2,0.5,7,0.429,3,0.333,0.45,0.46,2.5,1.3,9.1,1,18.5,0.5,0,0.25,8.3,99.8,101.1
394,Bos,Marcus Morris,F,29,55,27.8,57.8,20.7,9.3,118,0.864,330,0.53,283,0.403,0.564,0.597,14.4,6.1,11.7,1.4,7.5,0.6,0.31,1.24,7.2,114.3,101.3
395,Was,Markieff Morris,F,29,34,26,54.1,19.6,11.5,73,0.781,184,0.516,144,0.333,0.509,0.543,11.5,5.1,10.7,1.8,9.7,0.71,0.59,1.38,7.3,105.3,103.5
396,Okc,Markieff Morris,F,29,2,18.7,38.9,12.2,0,5,1,4,0.25,5,0.2,0.278,0.446,5,4,11.1,1,6.4,0.5,1,0,5.8,113.6,90.5
397,Den,Monte Morris,G,23,59,24.8,51.8,17,6.3,56,0.786,358,0.528,167,0.425,0.563,0.578,10.8,2.7,5.8,3.9,22.4,0.92,0.05,0.63,7.8,125.7,108.5
398,Lac,Johnathan Motley,F,23,16,8.2,17,28.7,14.7,33,0.636,58,0.517,3,0,0.492,0.536,5.1,2.4,15.9,0.5,10,0.25,0.13,0.81,8.9,103.4,96.6
399,Nyk,Emmanuel Mudiay,G,22,41,26.4,55,25.7,13.9,127,0.756,367,0.51,141,0.326,0.504,0.539,14.8,3.1,6.1,3.8,24.3,0.83,0.34,2.22,8.5,104.7,111.1
400,Den,Jamal Murray,G,22,53,33.3,69.4,25,12.1,156,0.84,559,0.462,285,0.365,0.491,0.525,18.1,4.2,6.9,5,22,0.85,0.38,2.38,8.7,107.2,107.4
401,Bro,Dzanan Musa,G-F,19,8,4.3,8.9,30.9,16.1,2,0,11,0.727,9,0,0.4,0.383,2,0.5,6.3,0.1,5,0.25,0,0.5,4.3,67.4,109.8
402,Phi,Mike Muscala,F-C,27,47,22.2,46.2,14.3,12.1,77,0.818,79,0.519,199,0.342,0.514,0.56,7.4,4.3,10.3,1.3,7.9,0.38,0.57,0.91,6.2,112.1,102.2
403,Lal,Mike Muscala,F-C,27,2,12.2,25.4,18.7,0,0,0,2,0.5,9,0.333,0.5,0.5,5.5,1,4.2,1,11.4,0,1,0,5.8,109.3,112
404,Lal,Svi Mykhailiuk,F,21,39,10.8,22.5,15.7,12.5,20,0.6,46,0.37,85,0.318,0.439,0.454,3.3,0.8,4.1,0.8,10.1,0.33,0.03,0.51,4.8,92,109.2
405,Det,Svi Mykhailiuk,G,21,1,9.2,19.2,23.2,20,0,0,2,0,2,0.5,0.375,0.375,3,1,5.9,2,31.4,0,0,1,7.9,81.5,114.8
406,Okc,Abdel Nader,F,25,40,10.1,21.1,15.4,9.8,19,0.737,79,0.532,51,0.353,0.531,0.549,3.8,1.7,8.7,0.3,3.3,0.25,0.08,0.38,4.9,105.5,99.3
407,Cle,Larry Nance Jr.,F,26,51,26.2,54.6,15.4,14.2,109,0.697,296,0.547,60,0.35,0.544,0.573,9.1,8.2,17.3,3.1,17.6,1.39,0.65,1.31,9.4,120.3,103.5
408,Bro,Shabazz Napier,G,27,50,18,37.6,24.3,12,131,0.824,193,0.435,206,0.335,0.47,0.529,9.7,1.8,5.3,2.7,23.1,0.82,0.32,1.24,8,108,106.6
409,Hou,Nene,C-F,36,30,13.4,27.9,11.2,6.7,35,0.743,80,0.575,2,0,0.561,0.606,3.9,3,12.6,0.6,6.9,0.5,0.4,0.23,5.7,131.6,98.3
410,Uta,Raul Neto,G,26,24,11.8,24.5,17.8,17.8,20,0.85,55,0.6,33,0.303,0.545,0.584,4.7,1.5,6.8,2.3,29,0.38,0.04,0.88,8.6,113.1,99.4
411,Uta,Georges Niang,F,25,42,7.4,15.5,16.9,10.6,13,0.769,33,0.515,71,0.408,0.582,0.597,3.1,1.3,9.5,0.5,10,0.17,0.07,0.31,6.8,113,97.6
412,Mem,Joakim Noah,C,34,32,15.4,32,19.6,15.5,78,0.705,146,0.514,0,0,0.514,0.568,6.4,5.2,19,1.8,18.4,0.47,0.69,1.03,10.2,114.4,94.6
413,Okc,Nerlens Noel,F-C,24,55,14.5,30.1,13.7,12.3,50,0.74,213,0.568,0,0,0.568,0.594,5.1,4.7,16.8,0.6,5.6,1.02,1.33,0.6,6.7,122.4,91
414,Dal,Dirk Nowitzki,F,40,29,12.3,25.5,20.6,4.7,18,0.833,55,0.436,100,0.3,0.445,0.47,5.3,2,8.6,0.4,5.2,0.17,0.31,0.28,5.3,95.7,100.6
415,Nyk,Frank Ntilikina,G,20,41,21.3,44.3,16.6,15.8,28,0.75,165,0.376,110,0.291,0.4,0.419,5.9,2,4.9,2.9,19.4,0.73,0.34,1.32,6.1,88.2,106.1
416,Min,James Nunnally,F,28,13,4.9,10.3,15.5,4.2,4,1,8,0.5,13,0.385,0.548,0.593,2.1,0.3,3.4,0.4,10.9,0.08,0,0.08,5.2,125,111.6
417,Hou,James Nunnally,F,28,2,18.8,39.1,15,0,0,0,1,0,12,0.25,0.346,0.346,4.5,0.5,1.5,1,7.4,0,0,0,2.8,84.3,104.3
418,Por,Jusuf Nurkic,C,24,59,27.3,56.8,24.5,14.4,293,0.758,643,0.526,26,0.115,0.512,0.568,15.4,10.2,19.8,3.2,17.7,0.97,1.49,2.27,11.6,116.1,96.6
419,Cle,David Nwaba,G,26,30,18.2,37.8,15.4,7.8,64,0.641,103,0.524,46,0.304,0.503,0.539,6.4,3.1,9.6,1,8.1,0.63,0.3,0.5,5.9,113.6,107.8
420,Bos,Semi Ojeleye,F,24,41,10.7,22.4,13.8,9.2,22,0.682,50,0.6,68,0.309,0.521,0.54,3.4,1.6,8,0.4,5.1,0.2,0.07,0.32,4.8,108.9,105.6
421,Nor,Jahlil Okafor,C,23,41,15.1,31.4,19.7,10.5,62,0.71,235,0.596,1,0,0.593,0.615,7.9,4.7,16.3,0.6,6,0.27,0.63,0.76,7.5,120.1,103.2
422,Pho,Elie Okobo,G,21,42,18.5,38.6,17.1,18.1,35,0.829,132,0.462,106,0.274,0.439,0.47,5.7,2,5.9,2.6,19.6,0.6,0.12,1.33,6.7,92.1,107.8
423,Min,Josh Okogie,G,20,52,22.6,47,16.7,11.3,112,0.741,210,0.448,155,0.265,0.426,0.476,7.6,3,7.1,1.1,6.8,1.06,0.37,1.02,5.2,96.5,104.4
424,Ind,Victor Oladipo,G,26,36,31.9,66.4,27.8,11.2,141,0.73,372,0.47,216,0.343,0.486,0.519,18.8,5.6,9.8,5.2,24.8,1.67,0.31,2.28,10.3,104.4,101
425,Mia,Kelly Olynyk,F,27,56,20.9,43.5,19,16.1,125,0.792,153,0.634,229,0.345,0.564,0.606,9.5,4.5,11.4,1.8,12.7,0.61,0.36,1.5,8.1,112.4,99.5
426,Uta,Royce O'Neale,F,25,59,18.7,39,11.6,16.4,36,0.75,124,0.54,110,0.427,0.588,0.604,5.1,3.3,9.7,1.4,10.2,0.66,0.32,0.83,6.1,110.4,98.2
427,Ind,Kyle O'Quinn,C,28,34,7.8,16.2,20.1,19.6,12,0.917,82,0.512,11,0.091,0.468,0.499,2.9,2.6,18.3,1.2,21.3,0.18,0.53,0.71,10.7,101,87.7
428,Cle,Cedi Osman,F,23,55,31.5,65.6,18.8,11.8,134,0.761,335,0.504,264,0.345,0.51,0.542,13,4.7,8.3,2.3,11.4,0.71,0.16,1.6,6.6,105.7,111
429,Was,Kelly Oubre Jr.,F,23,29,26,54.2,21,8.1,85,0.8,173,0.526,132,0.311,0.5,0.545,12.9,4.4,9.4,0.7,3.8,0.93,0.69,1.03,5.2,104.9,107.4
430,Pho,Kelly Oubre Jr.,F,23,31,28.6,59.6,24,10.5,117,0.761,229,0.524,161,0.323,0.508,0.549,15.6,4.6,9,1.5,8.6,1.26,0.97,1.68,6.7,104.5,108.7
431,Det,Zaza Pachulia,C,35,49,14.2,29.6,14.5,18.2,102,0.775,145,0.469,4,0,0.456,0.554,4.4,4.4,17,1.4,14.1,0.59,0.31,0.88,8.5,117.6,92.2
432,Chi,Jabari Parker,F,23,39,26.7,55.7,25.1,14.1,108,0.731,350,0.523,114,0.325,0.514,0.543,14.3,6.2,12.6,2.2,13.4,0.62,0.36,2.15,8.7,100.2,106
433,Was,Jabari Parker,F,23,6,27.5,57.3,20.5,22.7,14,0.643,36,0.611,19,0.211,0.509,0.531,10.8,6.2,12.4,3.5,18,1.17,0.83,3,9,92.2,105.4
434,Cha,Tony Parker,G,36,49,18.2,38,25.2,12,117,0.726,371,0.482,40,0.225,0.468,0.508,9.6,1.5,4.5,3.8,33.5,0.37,0.12,1.29,8.3,106.5,111.4
435,Mem,Chandler Parsons,F,30,6,17,35.5,20.7,10.7,2,1,16,0.375,25,0.2,0.329,0.346,4.8,2.5,8.3,0.8,7.4,0.67,0.17,0.83,5,69.5,99.7
436,Okc,Patrick Patterson,F,29,57,14.7,30.7,12.2,8.4,30,0.633,81,0.444,136,0.338,0.484,0.497,4,2.5,8.7,0.5,4.6,0.28,0.23,0.37,4.7,106.8,106.7
437,Hou,Chris Paul,G,33,37,32.7,68.2,22.4,16.1,144,0.847,239,0.485,224,0.362,0.513,0.567,16.1,4.4,7.5,8.3,39.5,2.03,0.27,2.73,10.2,118.8,106.6
438,Chi,Cameron Payne,G,24,31,17.3,36,17.4,16,25,0.88,109,0.486,59,0.271,0.458,0.492,5.7,1.7,5.4,2.7,22.7,0.65,0.19,1.1,6.9,99.4,107.4
439,Cle,Cameron Payne,G,24,9,19.6,40.7,18.2,15.1,16,0.688,30,0.6,25,0.36,0.573,0.596,8.2,2.1,6,2.6,20.2,0.89,0.33,1.22,7.2,114.3,110.2
440,Was,Gary Payton II,G,26,3,5.3,11,24.1,11.1,0,0,6,0.667,2,0.5,0.688,0.688,3.7,0.7,6.9,1.3,45.6,1,0.33,0.33,11.3,135,97.8
441,Nor,Elfrid Payton,G,25,22,27.6,57.4,18.6,19.8,35,0.714,158,0.481,46,0.348,0.49,0.513,10.2,3.7,7,6.3,30.2,1.14,0.36,2.45,9,103.9,108
442,Bro,Theo Pinson,G-F,23,11,14.6,30.5,19.1,19.2,16,0.938,22,0.455,30,0.267,0.423,0.5,5.4,2.6,9.6,1.5,14.8,0.36,0,1.27,7.6,94.5,105.6
443,Den,Mason Plumlee,F-C,28,59,20.6,42.8,17.1,19.5,157,0.541,316,0.623,7,0.286,0.619,0.618,8.2,6.1,16.2,2.7,18.3,0.86,0.9,1.61,10,117.9,93.3
444,Atl,Miles Plumlee,C,30,18,9.6,20,16.8,14,30,0.533,48,0.667,0,0,0.667,0.654,4.4,2.2,12.1,0.9,15,0.33,0.22,0.56,8.6,125.1,109.8
445,San,Jakob Poeltl,C,23,58,14.9,31,14.3,14.9,69,0.551,209,0.636,0,0,0.636,0.635,5.2,4.9,18,1.2,11.5,0.28,0.67,0.72,8.4,131.1,103.4
446,San,Quincy Pondexter,F,30,45,5.8,12.1,13.4,12.5,38,0.789,35,0.571,18,0.333,0.547,0.631,2,1,9,0.5,11.5,0.2,0.02,0.22,6.9,125.7,105.8
447,Was,Otto Porter Jr.,F,25,41,29.1,60.5,18.2,7.8,64,0.766,266,0.515,176,0.369,0.531,0.551,12.6,5.7,10.8,2,9.6,1.54,0.54,0.98,7.2,109.5,108.8
448,Chi,Otto Porter Jr.,F,25,6,31.9,66.5,21.1,10.9,11,0.818,50,0.56,27,0.519,0.636,0.654,17.8,5.2,8.8,2.7,14.1,0.67,0.5,1.67,7.9,121.4,109.5
449,Chi,Bobby Portis,F,24,22,24.1,50.2,26.7,9,50,0.78,199,0.477,72,0.375,0.5,0.529,14.1,7.2,16.4,1.3,9.4,0.5,0.36,1.32,8.5,105.1,102
450,Was,Bobby Portis,F,24,6,27.5,57.3,23.8,11.9,7,0.571,52,0.5,26,0.5,0.583,0.586,15.8,7.5,15,1.8,10.6,1.33,0.5,1.83,8.7,106.5,100.8
451,Dal,Dwight Powell,F-C,27,56,18.2,37.9,18.2,9.9,163,0.767,234,0.701,84,0.25,0.615,0.662,9.2,4.5,13.3,1.1,10,0.48,0.59,0.77,7.8,131.2,97.6
452,Tor,Norman Powell,F-G,25,39,18.5,38.6,18.2,10.7,53,0.811,145,0.545,107,0.346,0.534,0.567,8,1.9,5.7,1.6,12.1,0.64,0.21,0.85,6.3,110.6,103.6
453,Atl,Alex Poythress,F,25,18,13.5,28.2,14.1,11.9,21,0.524,47,0.596,18,0.389,0.592,0.593,4.9,3.3,13,0.7,7.6,0.17,0.44,0.56,6.7,118.9,102.3
454,Atl,Taurean Prince,F,24,39,27.8,57.9,20.2,14.4,85,0.835,196,0.5,226,0.376,0.534,0.568,13.4,3.8,7.3,1.9,10.3,1.03,0.36,1.97,6.6,103.9,108.9
455,Hou,Zhou Qi,F-C,23,1,1,2.1,43.2,0,0,0,1,1,0,0,1,1,2,0,0,0,0,0,0,0,0,,
456,Mem,Ivan Rabb,F,22,32,12.1,25.2,18.3,12.8,40,0.675,112,0.625,7,0.286,0.613,0.633,5.4,3.7,17.4,0.9,12.8,0.25,0.25,0.63,8.7,123.9,96.9
457,Was,Chasson Randle,G,26,30,15.5,32.4,17.2,18.1,40,0.65,69,0.464,67,0.448,0.566,0.586,6,1.3,4.7,2.1,18.7,0.47,0.03,1.13,6.6,107.4,105.7
458,Nor,Julius Randle,F,24,55,29.7,61.9,26.6,13.9,355,0.738,630,0.57,121,0.347,0.562,0.61,20.1,9,15.8,3,15.2,0.69,0.64,2.65,11,115.1,102
459,Phi,JJ Redick,G,34,57,31.3,65.2,22.2,8.3,191,0.901,330,0.515,449,0.39,0.555,0.601,18.2,2.3,3.9,2.8,13.4,0.44,0.19,1.37,6.3,117.3,109.5
460,Ind,Davon Reed,G,23,7,2.9,6.1,10.7,20,0,0,3,0.333,1,1,0.625,0.625,0.7,0.3,5.5,0.3,12.7,0,0,0.14,5.5,,
461,Mia,Josh Richardson,F,25,57,34.8,72.4,21.8,10,191,0.864,460,0.454,369,0.369,0.498,0.543,17.4,3.6,5.5,4,17.8,1.05,0.47,1.77,7.2,111.3,105
462,Tor,Malachi Richardson,G,23,22,4.7,9.8,16.1,20.4,5,0.8,4,0.25,25,0.32,0.448,0.481,1.4,0.6,6.8,0,0,0.05,0,0.36,0,79.2,100.7
463,Was,Austin Rivers,G,26,29,23.5,49.1,15.6,14,46,0.543,88,0.489,106,0.311,0.477,0.49,7.2,2.4,5.6,2,11.3,0.62,0.34,1.21,5.5,94.7,108.3
464,Hou,Austin Rivers,G,26,27,32.4,67.4,14.3,7.6,33,0.545,102,0.529,150,0.32,0.5,0.507,10,2.3,3.9,3,13.3,0.7,0.33,0.81,5.1,110,108.8
465,Det,Glenn Robinson III,G-F,25,33,13.3,27.8,14.6,11.3,33,0.818,77,0.429,42,0.31,0.441,0.494,4,1.2,5.1,0.4,4.2,0.33,0.15,0.52,3.7,98,106.7
466,Was,Devin Robinson,F,23,4,8,16.7,20.8,0,6,0.5,13,0.615,0,0,0.615,0.607,4.8,1.8,12,0.5,10.1,0.75,0.25,0,8.1,129.5,107.1
467,Mia,Duncan Robinson,F,24,8,8.9,18.6,10.7,5.6,2,0.5,2,1,14,0.286,0.5,0.504,2.1,1.1,6.7,0.1,1.9,0.25,0,0.13,2.8,100.1,106.7
468,Lac,Jerome Robinson,G,22,24,9.3,19.4,16.2,4.7,6,0.667,38,0.421,41,0.341,0.468,0.478,3.3,1.1,6.4,0.3,5,0.29,0.08,0.17,4.4,97.9,99.2
469,Nyk,Mitchell Robinson,C,20,44,18,37.6,11.9,9.4,73,0.534,170,0.688,0,0,0.688,0.675,6.2,4.8,14,0.6,4.8,0.7,2.2,0.48,5.8,138.5,98.1
470,Lal,Rajon Rondo,G,33,26,27.2,56.7,16.8,24.3,20,0.55,153,0.444,56,0.411,0.49,0.496,8.3,4.8,9.2,7.1,34.6,0.81,0.15,2.69,9.7,101.3,103.9
471,Min,Derrick Rose,G,30,44,28.2,58.7,27,9.6,146,0.856,519,0.505,139,0.388,0.521,0.561,18.4,2.8,5.3,4.6,27.2,0.64,0.25,1.75,8.8,114.4,113.4
472,Orl,Terrence Ross,G-F,28,61,26.3,54.8,23.8,6.9,99,0.869,377,0.488,394,0.383,0.532,0.557,14.9,3.5,7.1,1.5,9.4,0.85,0.38,0.98,6.5,107.4,106.4
473,Bos,Terry Rozier,G,24,59,23.1,48.1,18.4,8.9,71,0.817,246,0.402,252,0.353,0.467,0.494,8.9,4.1,9.6,3.1,18.5,0.93,0.29,0.88,8.4,106.7,104.8
474,Uta,Ricky Rubio,G,28,52,29.1,60.7,22.8,18.9,161,0.845,367,0.463,217,0.327,0.473,0.526,13.3,3.7,6.9,6.1,31.3,1.33,0.17,2.94,9.2,103,99.5
475,Bro,D'Angelo Russell,G,23,61,30.2,63,30.9,13.3,143,0.825,645,0.479,462,0.372,0.512,0.535,20.5,3.8,6.7,6.7,39.3,1.11,0.3,2.95,10.7,107.4,107.7
476,Ind,Domantas Sabonis,F,22,59,24.9,51.8,23,16.3,229,0.729,534,0.609,14,0.571,0.615,0.648,14.3,9.3,20.9,2.7,17.2,0.75,0.44,2.14,11.4,121.1,91.5
477,Chi,Brandon Sampson,G,21,4,7,14.5,11,0,0,0,3,1,4,0.5,0.857,0.857,3,1,7.8,0.3,5.7,0,0,0,5.5,165.5,106.2
478,Phi,Dario Saric,F,24,13,30.5,63.4,18.1,14.7,30,0.9,61,0.443,71,0.296,0.443,0.496,11.1,6.6,11.6,2,8.9,0.31,0.23,1.92,6.9,98.7,103
479,Min,Dario Saric,F,24,46,23.3,48.5,17,10.1,72,0.861,196,0.5,162,0.401,0.546,0.581,9.8,5.4,12.5,1.4,8.4,0.63,0.11,0.96,7.2,117.1,105.1
480,Was,Tomas Satoransky,G-F,27,58,24.7,51.5,14,16.2,96,0.792,245,0.522,107,0.439,0.564,0.6,8.2,3.1,7,4.3,23.4,1.07,0.17,1.31,7.7,121,109.4
481,Okc,Dennis Schroder,G,25,56,28.3,59,25.1,13,162,0.821,540,0.452,240,0.35,0.474,0.513,15.6,3.3,6.1,4.1,21.1,0.89,0.16,2.27,8.4,102.9,103.6
482,Lac,Mike Scott,F,30,52,14.4,30,14.9,9.9,18,0.667,97,0.412,133,0.391,0.513,0.521,4.8,3.3,12.4,0.8,8.2,0.33,0.15,0.5,6.5,104.3,101
483,Phi,Mike Scott,F,30,7,21.2,44.1,14.2,12,5,0.4,18,0.333,24,0.458,0.536,0.532,6.7,1.7,4.3,1.1,7.3,0.29,0.14,0.86,4.4,102,106.7
484,Uta,Thabo Sefolosha,F,34,29,10.6,22,11.8,19,14,0.571,32,0.531,30,0.467,0.613,0.616,2.9,2.6,13.6,0.4,5.4,0.79,0.07,0.55,5.5,103.4,96.6
485,Mem,Wayne Selden,G-F,24,32,14.2,29.6,19.5,11.7,29,0.759,98,0.459,63,0.317,0.466,0.495,5.4,1.3,5.4,1.1,12.6,0.31,0.19,0.72,5.6,97.6,103.3
486,Chi,Wayne Selden,G-F,24,22,22.2,46.3,16.3,15.4,29,0.793,87,0.448,54,0.389,0.5,0.533,7.5,2.3,5.7,1.6,10.7,0.36,0.09,1.27,5.4,98.8,109.4
487,Cle,Collin Sexton,G,20,61,30.5,63.5,25.2,12.7,173,0.85,684,0.408,175,0.394,0.445,0.488,15,3.1,5.6,2.9,15.3,0.57,0.05,2.23,6.7,96.8,113.2
488,Phi,Landry Shamet,G,21,54,20.5,42.8,15,6.6,54,0.815,102,0.529,245,0.404,0.584,0.606,8.3,1.4,3.8,1.1,7.5,0.44,0.15,0.48,4.6,118.8,105.4
489,Lac,Landry Shamet,G,21,6,27.7,57.6,15.3,11.7,11,0.909,15,0.333,33,0.424,0.542,0.587,10.3,1.2,2.2,1.8,9.1,1.33,0,1.17,4.1,111.9,111.1
490,Sac,Iman Shumpert,G,28,42,26.2,54.5,15.2,9.4,41,0.829,146,0.404,202,0.366,0.489,0.511,8.9,3.1,6,2.2,10.7,1.12,0.48,0.9,6,104.6,106.7
491,Hou,Iman Shumpert,G,28,4,20.7,43.1,12.5,8.3,0,0,2,0.5,20,0.25,0.386,0.386,4.3,2,5.4,1.8,11.6,0.75,0.25,0.5,4.8,94,106.4
492,Tor,Pascal Siakam,F,24,60,31.6,65.9,19.7,12.1,225,0.787,529,0.603,144,0.354,0.588,0.627,16.1,7,12,2.9,13.5,0.98,0.67,1.77,8.7,121.5,100.8
493,Phi,Ben Simmons,G-F,22,60,33.9,70.7,22.4,19.6,334,0.59,721,0.57,4,0,0.567,0.584,17,9,14.2,7.8,34.9,1.28,0.73,3.55,12.5,113.7,103.2
494,Orl,Jonathon Simmons,F,29,41,20.6,42.9,19.3,15,72,0.778,203,0.419,83,0.229,0.397,0.445,6.9,2.5,6.4,2.3,16,0.41,0.34,1.37,6.6,91,105.2
495,Phi,Jonathon Simmons,F,29,6,13.4,27.9,17.2,15.2,11,0.636,15,0.4,8,0.375,0.457,0.503,4.7,1.3,5.3,1.3,13.4,0.83,0,0.83,6,99.8,97.1
496,Cle,Kobi Simmons,G,21,1,1.8,3.8,0,,0,0,0,0,0,0,,,0,0,0,0,0,0,0,0,0,,
497,Por,Anfernee Simons,G,19,12,5,10.3,24,20.7,4,0.25,16,0.438,9,0,0.28,0.28,1.3,0.6,6.2,0.3,9,0,0,0.58,4.9,53.1,110.6
498,Bos,Marcus Smart,G,24,59,27.1,56.5,14.3,16.2,95,0.768,145,0.483,257,0.354,0.514,0.548,8.2,2.9,5.8,4.1,19.5,1.69,0.41,1.46,6.8,112,101.6
499,Dal,Dennis Smith Jr.,G,21,32,28.4,59.1,23.2,20.1,82,0.695,233,0.489,125,0.344,0.499,0.525,12.9,3,5.7,4.3,24.2,1.25,0.34,3.09,7.7,96.9,103.5
500,Nyk,Dennis Smith Jr.,G,21,9,30,62.5,26.5,12.5,49,0.551,97,0.485,29,0.276,0.468,0.491,16.1,2.9,5,6.9,38.4,1.78,0.44,2.33,9.1,104.2,106.8
501,Det,Ish Smith,G,30,33,22.2,46.2,19.1,11.9,31,0.774,178,0.433,96,0.354,0.467,0.487,8.5,2.1,5.1,3.2,22.1,0.48,0.24,1.18,6.9,102.2,104.5
502,Was,Jason Smith,F-C,32,12,10.8,22.5,16.2,14.2,12,0.833,27,0.407,10,0.4,0.459,0.52,3.7,3.1,15.7,1,12.3,0.08,0.42,0.58,8.4,110.1,99.8
503,Mil,Jason Smith,F-C,32,6,6.8,14.1,19.7,26.5,2,1,4,0.25,9,0.333,0.423,0.468,2.2,1.8,14,0.2,3.1,0.33,0.33,0.83,5.4,79.9,89.8
504,Cle,JR Smith,G-F,33,11,20.2,42.1,18.6,11.7,10,0.8,40,0.375,39,0.308,0.418,0.444,6.7,1.6,4.5,1.9,13.9,1,0.27,1,5.4,91.3,110.2
505,Mil,Tony Snell,G,27,60,17.2,35.9,13.2,5.9,37,0.892,123,0.528,166,0.398,0.567,0.591,6,2,6,0.9,6.8,0.37,0.23,0.32,5.1,119.6,102.9
506,Dal,Ray Spalding,F,21,1,0.9,1.9,0,,0,0,0,0,0,0,,,0,0,0,0,0,0,0,0,0,,
507,Atl,Omari Spellman,F,21,44,17.4,36.3,14.8,10,43,0.698,108,0.454,124,0.347,0.489,0.512,5.8,4.2,12.8,1,7.6,0.57,0.57,0.64,6.7,109.6,108.9
508,Por,Nik Stauskas,G,25,44,15.3,31.9,17.9,14,36,0.889,104,0.51,125,0.344,0.513,0.545,6.1,1.8,6.3,1.4,12.7,0.32,0.09,0.91,6.5,105.8,110.2
509,Cle,Nik Stauskas,G,25,4,13.4,27.8,16.3,10.1,2,1,6,0.167,11,0.273,0.324,0.364,3.3,1.5,6.2,0.3,2.6,0.25,0.25,0.5,3.4,76,110.9
510,Mem,DJ Stephens,G-F,28,1,6.7,14,20.2,33.3,0,0,2,0.5,0,0,0.5,0.5,2,0,0,0,0,1,0,1,0,59.6,109.1
511,Lal,Lance Stephenson,G,28,59,15.6,32.6,21,15.8,63,0.667,202,0.49,164,0.378,0.525,0.541,7.2,2.9,9.6,2,17.9,0.59,0.08,1.25,8.9,102.2,101.5
512,Ind,Edmond Sumner,G,23,17,9.8,20.5,16.3,12.8,12,0.417,29,0.414,20,0.2,0.367,0.378,2.4,1.1,6.3,0.4,5.4,0.53,0.29,0.47,4.2,79.2,96.4
513,Por,Caleb Swanigan,F,21,18,8.1,16.8,18.4,25.4,7,0.857,39,0.333,5,0.2,0.33,0.372,1.9,2.9,19,0.4,6.3,0.22,0,0.89,6.4,74.5,93.9
514,Bos,Jayson Tatum,F,20,60,31.2,65,22.3,9.1,187,0.861,553,0.488,246,0.382,0.514,0.558,16.4,6.3,10.7,1.9,8.8,1.05,0.85,1.47,7.5,109.5,103.2
515,Min,Jeff Teague,G,30,36,30,62.4,18.9,16.8,128,0.805,262,0.45,87,0.345,0.467,0.529,11.9,2.4,4.3,8.1,37.7,1.08,0.39,2.28,8.2,112.8,109.5
516,Mem,Garrett Temple,G-F,32,49,31.2,65.1,14,11.4,76,0.75,177,0.52,210,0.352,0.525,0.551,9.4,3.1,5.6,1.4,6.7,1.02,0.49,1.1,4.4,102.4,103.9
517,Lac,Garrett Temple,G-F,32,6,19.5,40.6,11.3,6.4,7,0.714,12,0.667,14,0.214,0.481,0.516,5,2.2,5.9,1,6.8,0.5,0.33,0.33,4.6,109.1,100.2
518,Lac,Milos Teodosic,G,31,15,10,20.8,18.1,32.8,7,0.571,13,0.538,27,0.37,0.55,0.557,3.2,1,5.3,2.1,28.3,0.2,0.07,1.4,7.5,92.4,98
519,Min,Jared Terrell,G,24,7,9.6,19.9,20.6,21.3,2,0.5,14,0.286,11,0.364,0.4,0.406,3,0.4,2.4,1,14.2,0.43,0.14,1,4.4,76.2,104.8
520,Pho,Emanuel Terry,F,23,2,9.8,20.3,19.6,22.5,2,0.5,6,0.667,0,0,0.667,0.654,4.5,3,17.3,0.5,8.3,1.5,0,1,7.7,107.5,88.1
521,Mia,Emanuel Terry,F,23,1,3.3,6.9,24.3,0,2,0.5,1,0,0,0,0,0.266,1,1,16.2,1,37.1,0,0,0,12.1,,
522,Bos,Daniel Theis,F,26,46,15.1,31.4,15.9,9.8,64,0.75,152,0.625,51,0.451,0.638,0.664,6.7,3.9,13.7,1.2,10.9,0.33,0.63,0.54,8.4,134.5,92.5
523,Den,Isaiah Thomas,G,30,3,17.6,36.6,31.1,18.2,8,0.75,11,0.455,17,0.353,0.5,0.539,11.3,1.3,4.1,2.7,22.5,0,0.33,2.33,7.8,100.4,101
524,Det,Khyri Thomas,G,22,18,8.8,18.3,14.8,5.5,9,0.667,19,0.368,29,0.345,0.458,0.481,2.8,0.8,5.2,0.3,4.5,0.28,0.22,0.17,4,101.6,102.6
525,Nyk,Lance Thomas,F,30,27,17,35.3,11.9,10.1,23,0.826,65,0.508,41,0.244,0.453,0.495,4.3,2.6,8,0.5,4.3,0.59,0.22,0.48,4.2,101.5,103.9
526,Gol,Klay Thompson,G,29,59,34.3,71.4,25.7,7.4,134,0.813,630,0.519,440,0.398,0.551,0.57,21.8,4,6.2,2.3,10.3,1.1,0.64,1.53,6.8,109.9,109
527,Cle,Tristan Thompson,F-C,27,35,29.8,62.1,17.5,12,85,0.647,329,0.526,0,0,0.526,0.547,11.5,11.1,20.7,2.1,11.3,0.77,0.46,1.43,8.7,117.5,108.7
528,Lac,Sindarius Thornwell,G,24,44,5.7,11.9,12,25.3,23,0.696,30,0.433,13,0.154,0.372,0.452,1.1,0.8,7.6,0.3,7.1,0.25,0.07,0.41,4.5,80.2,99.3
529,Min,Anthony Tolliver,F,33,43,15.2,31.6,11.8,12,34,0.735,22,0.545,125,0.4,0.592,0.614,4.6,2.3,8,0.5,4.2,0.3,0.33,0.51,4.6,114.2,106.3
530,Min,Karl-Anthony Towns,F-C,23,58,33.1,68.9,27.5,13.5,315,0.844,690,0.564,263,0.392,0.57,0.62,23.3,12.2,19.8,3.3,16.4,0.93,1.78,2.93,11.8,118.9,99.4
531,Por,Gary Trent Jr.,G,20,9,4.3,8.9,24,4.6,4,0.25,10,0.2,9,0.333,0.342,0.337,1.6,0.4,5.5,0.1,3.5,0,0.11,0.11,3.7,71.9,113.5
532,Nyk,Allonzo Trier,G,23,53,22.3,46.5,20.5,16.6,164,0.841,308,0.471,96,0.375,0.493,0.563,10.1,3,6.9,1.9,13.2,0.42,0.26,1.79,6.9,103.8,110.3
533,Hou,PJ Tucker,F,33,60,35.3,73.5,9.8,10.2,55,0.673,119,0.462,290,0.362,0.52,0.533,7.7,6.2,9.9,1.3,4.9,1.7,0.45,0.82,4.5,113.1,106
534,Por,Evan Turner,G-F,30,57,23.3,48.6,16.5,18.2,85,0.706,339,0.501,47,0.149,0.468,0.497,7.4,4.6,10.4,3.9,22.7,0.49,0.25,1.65,8.8,102.9,105.8
535,Ind,Myles Turner,F-C,22,54,28.2,58.8,20.1,10.6,129,0.721,447,0.532,126,0.405,0.549,0.573,13.4,7,13.8,1.6,8.4,0.74,2.74,1.39,7.5,110.3,97.8
536,Uta,Ekpe Udoh,C-F,31,35,5.5,11.4,12,14.8,16,0.625,39,0.718,0,0,0.718,0.717,1.9,1.1,11.4,0.4,10.8,0.11,0.49,0.23,6.9,133.3,97.5
537,Chi,Tyler Ulis,G,23,1,0.8,1.7,0,,0,0,0,0,0,0,,,0,0,0,0,0,0,0,0,0,,
538,Tor,Jonas Valanciunas,C,26,30,18.8,39.2,25.6,11.8,94,0.819,228,0.614,30,0.3,0.595,0.641,12.8,7.2,20.6,1,8.5,0.4,0.77,1.33,9.6,121.4,92.6
539,Mem,Jonas Valanciunas,C,26,4,24.6,51.3,35.4,14.3,16,0.688,55,0.6,4,0.25,0.585,0.606,20,10.3,23.6,2,19.1,0.25,1.25,2.75,12.1,108.1,93.1
540,Den,Jarred Vanderbilt,F,19,5,3.5,7.3,19,12.9,4,0.25,5,0.2,0,0,0.2,0.222,0.6,2.4,37.5,0.2,7,0.4,0.2,0.2,7.5,,
541,Tor,Fred VanVleet,G,25,51,26.8,55.9,17.8,11.2,90,0.833,237,0.439,232,0.366,0.494,0.529,10.5,2.7,5.4,4.6,23.4,0.88,0.22,1.25,7.6,112.8,106.3
542,Nyk,Noah Vonleh,F,23,60,25.4,53,14.4,14.4,133,0.722,257,0.51,129,0.333,0.506,0.548,8.1,7.9,16.3,1.9,10.8,0.72,0.8,1.25,7.8,110.6,103.1
543,Orl,Nikola Vucevic,C,28,60,31,64.6,27.9,10,158,0.766,822,0.552,176,0.386,0.557,0.578,20.6,12.1,20.9,3.9,22.9,0.97,1.15,1.97,12.8,115.4,100.9
544,Mia,Dwyane Wade,G,37,49,25.6,53.4,26.9,14.1,161,0.683,437,0.478,173,0.312,0.475,0.507,14.1,3.7,7.8,4.3,27.8,0.71,0.53,2.29,9.5,102.4,106.4
545,Lal,Moritz Wagner,C,21,23,6.7,13.9,22.5,14.4,15,0.6,33,0.485,32,0.375,0.523,0.538,3.3,1.5,11.7,0.4,9.2,0.26,0.13,0.52,7.5,100.5,99.7
546,Mia,Dion Waiters,G,27,21,23.8,49.7,21,11.8,17,0.471,86,0.512,124,0.347,0.517,0.517,10.7,2.4,5.3,2.9,18.9,0.62,0.14,1.38,7.1,102.6,108.5
547,San,Lonnie Walker IV,G,20,6,9.5,19.7,20.7,14.9,4,1,15,0.133,6,0.333,0.238,0.308,2.3,1.7,9.7,0.3,4.4,0.5,0.17,0.67,4.4,59.9,107
548,Cha,Kemba Walker,G,28,60,34.6,72.2,31.1,10,317,0.83,663,0.486,554,0.359,0.51,0.554,25.1,4.3,6.7,5.7,27.9,1.23,0.45,2.52,9.8,111.4,110.6
549,Lac,Tyrone Wallace,G,24,47,10.5,21.9,18.7,10.5,49,0.49,159,0.453,15,0.2,0.44,0.453,3.8,1.7,8.4,0.7,9,0.38,0.15,0.49,6.3,92.3,100.9
550,Was,John Wall,G,28,32,34.5,71.9,29,16.3,175,0.697,382,0.508,169,0.302,0.491,0.528,20.7,3.6,5.8,8.7,39.3,1.53,0.91,3.81,10,103.7,111.6
551,Bos,Brad Wanamaker,G,29,27,9.2,19.3,16,15.1,15,0.933,41,0.439,31,0.516,0.583,0.623,3.6,1,5.8,1.4,20.2,0.33,0.04,0.52,7.5,119.8,104.4
552,Pho,T.J. Warren,F,25,43,31.6,65.9,22.7,7.2,124,0.815,431,0.51,180,0.428,0.549,0.58,18,4,7.1,1.5,7.8,1.19,0.67,1.21,6,111.3,110.8
553,Mem,Julian Washburn,F-G,27,7,15.7,32.6,9.8,12.6,4,0.75,11,0.182,8,0.125,0.184,0.241,1.4,2.9,10.3,0.4,3.7,0.57,0,0.43,3,62.3,106.8
554,Mem,Yuta Watanabe,G,24,10,9.8,20.4,16.8,11,10,0.7,19,0.421,9,0.222,0.393,0.448,2.9,1.9,11,0.4,6.1,0.2,0.1,0.4,5.3,87.3,108.5
555,Den,Thomas Welsh,C,23,9,3.6,7.6,15.5,8.4,2,0.5,3,0.667,7,0.429,0.65,0.643,1.6,0.4,6.7,0.4,16.8,0,0,0.11,7.1,,
556,Okc,Russell Westbrook,G,30,51,35.7,74.4,31.3,17,325,0.662,768,0.474,254,0.268,0.456,0.492,22.5,11.3,16.3,11,46.8,2.18,0.45,4.67,15.8,103.5,95.5
557,San,Derrick White,G,24,47,25.2,52.5,17.1,15.3,89,0.764,260,0.542,93,0.344,0.535,0.569,9.5,3.5,7.6,3.6,19.8,1.04,0.51,1.51,7.8,110.8,105.8
558,Was,Okaro White,F,26,3,2.1,4.4,13.5,0,0,0,0,0,2,0,0,0,0,0.7,17.5,0,0,0,0,0,0,,
559,Mia,Hassan Whiteside,C,29,53,25.4,52.9,22.4,11.3,199,0.432,524,0.567,16,0.125,0.556,0.547,12.9,12.3,25.8,0.9,5.7,0.75,2.08,1.51,8.2,109.3,94.4
560,Min,Andrew Wiggins,G-F,24,54,34.7,72.4,24.4,9.2,234,0.709,635,0.419,256,0.336,0.443,0.481,17.7,4.9,7.5,2.4,10.5,1.06,0.63,1.87,6.8,98.8,110
561,Bos,Robert Williams III,C-F,21,22,9.1,19,10.8,15.9,10,0.6,38,0.737,0,0,0.737,0.731,2.8,2.5,14.7,0.2,3.4,0.27,1.45,0.36,4.9,133.8,94.8
562,Bro,Alan Williams,F-C,26,3,5.6,11.7,27,9.3,4,0.5,7,0.571,1,0,0.5,0.512,3.3,4.7,44.5,0.7,20.3,0,0,0.33,15.8,113.2,88.5
563,Min,C.J. Williams,G,29,9,7.5,15.6,13.1,19,0,0,10,0.6,7,0.143,0.441,0.441,1.7,0.4,3.2,0.7,11.9,0.11,0,0.44,4.2,86.1,101.5
564,Lal,Johnathan Williams,F,23,7,12.8,26.6,11.2,8.3,5,0.2,20,0.55,0,0,0.55,0.518,3.3,3,12.1,0.6,5.9,0.14,0.57,0.29,5.7,118.3,91.8
565,Nor,Kenrich Williams,G-F,24,26,18.9,39.4,13.3,12,13,0.615,64,0.5,69,0.333,0.5,0.508,5.4,4.4,12.1,1.5,9.8,0.35,0.38,0.73,7,105.6,105.5
566,Lac,Lou Williams,G,32,56,26.3,54.7,32.7,11.9,357,0.896,627,0.445,216,0.366,0.472,0.557,19.9,2.9,5.9,5.4,34.1,0.66,0.14,2.41,10.3,112,111.8
567,Cha,Marvin Williams,F,32,59,28.4,59.1,14.9,5.3,72,0.75,206,0.519,313,0.367,0.539,0.557,10.4,5.7,10.8,1.2,6,0.88,0.75,0.53,5.8,114.9,105.8
568,Sac,Troy Williams,F,24,18,15.9,33.1,14.6,7.9,15,0.6,46,0.565,41,0.341,0.54,0.55,5.7,3.1,9.9,0.6,4.6,0.56,0.44,0.44,5.5,108.6,101.5
569,Mil,D.J. Wilson,F,23,30,18.3,38.1,13.8,10.6,28,0.393,73,0.507,75,0.373,0.534,0.527,5.6,4.6,13,0.9,6.5,0.4,0.6,0.63,6.2,106.2,95.7
570,Mia,Justise Winslow,F,22,52,29.7,61.9,20.7,15.1,113,0.646,386,0.448,199,0.372,0.485,0.505,12.3,5.5,9.8,4.2,21.3,1.02,0.29,2.17,8.9,101.6,102
571,Mil,Christian Wood,F,23,12,4.6,9.5,25.2,9.2,15,0.667,19,0.474,4,0.5,0.522,0.574,2.8,1.6,18,0.2,5.3,0,0,0.25,8.4,113.6,100.9
572,Tor,Delon Wright,G,26,49,18.3,38.1,16.9,10.4,61,0.869,203,0.478,90,0.333,0.485,0.527,6.9,2.6,7.5,2.2,16.9,0.94,0.31,0.76,7.4,113.2,105.7
573,Mem,Delon Wright,G,26,6,28,58.2,16.8,8,10,0.9,35,0.457,18,0.222,0.415,0.462,8.8,4.7,9.5,3.5,19.2,1,0.5,0.83,7.5,102.6,103.9
574,Bos,Guerschon Yabusele,F,23,30,5.6,11.7,16.4,17.1,12,0.75,31,0.548,17,0.235,0.479,0.516,1.8,1.1,10.4,0.4,9.5,0.23,0.23,0.37,6.6,104.5,94.3
575,Den,Nick Young,G-F,33,4,9.3,19.3,12.6,18.2,0,0,1,0,8,0.375,0.5,0.5,2.3,0.3,1.5,0.5,6.7,0,0.25,0.5,3,89.5,106.2
576,Ind,Thaddeus Young,F,30,61,30.3,63.1,18.1,11.2,103,0.631,544,0.561,93,0.355,0.557,0.567,12.7,6.4,11.8,2.2,10.5,1.62,0.49,1.41,7.4,113.9,99.7
577,Atl,Trae Young,G,20,61,30.4,63.3,27.5,19.1,277,0.809,542,0.461,350,0.329,0.474,0.527,17.5,3.3,5.7,7.7,39.1,0.82,0.21,3.92,10,103.8,114.3
578,Cha,Cody Zeller,F-C,26,43,25.3,52.8,15.9,13.4,122,0.803,275,0.585,20,0.25,0.571,0.624,10.1,6.8,14.5,2.1,12.2,0.77,0.91,1.26,8.3,125.9,100.1
579,Cle,Ante Zizic,C,22,44,17,35.4,18.1,13.2,88,0.739,230,0.539,0,0,0.539,0.582,7.1,5.2,17,0.7,6.3,0.25,0.39,0.93,7,114.6,106.1
580,Lal,Ivica Zubac,C,21,33,15.6,32.6,20.5,12.9,66,0.864,193,0.58,0,0,0.58,0.633,8.5,4.9,16.3,0.8,7.3,0.15,0.82,1,8.3,120.9,97.5
581,Lac,Ivica Zubac,C,21,6,19.8,41.3,19.9,16.1,16,0.813,40,0.5,0,0,0.5,0.563,8.8,6.7,17.9,1.2,8.7,0.33,0.83,1.5,8.4,107.2,97
